timestamp,Open,High,Low,Close,prediction
2025-02-27 21:00:00,2255.38,2283.33,2229.15,2281.47,0.009303039496882689
2025-02-27 22:00:00,2281.47,2292.72,2264.09,2291.45,0.00957801055599033
2025-02-27 23:00:00,2291.45,2310.46,2281.96,2306.51,0.006050414575804906
2025-02-28 00:00:00,2306.51,2313.24,2293.61,2293.92,0.006859580571673826
2025-02-28 01:00:00,2293.92,2299.78,2179.78,2193.03,0.00832205765352839
2025-02-28 02:00:00,2193.03,2224.82,2122.31,2165.93,0.009945560032771287
2025-02-28 03:00:00,2165.93,2193.77,2136.0,2146.11,0.009876817236142763
2025-02-28 04:00:00,2146.11,2155.25,2093.4,2135.7,0.00876270016551409
2025-02-28 05:00:00,2135.7,2139.83,2098.08,2130.64,0.0066633118001120945
2025-02-28 06:00:00,2130.64,2142.0,2075.0,2108.17,-0.0008127815208240058
2025-02-28 07:00:00,2108.17,2134.94,2087.06,2104.89,0.006152945168132551
2025-02-28 08:00:00,2104.89,2123.67,2074.43,2119.0,0.010561811496983492
2025-02-28 09:00:00,2119.0,2151.04,2114.34,2142.46,0.013767868515398076
2025-02-28 10:00:00,2142.46,2145.42,2110.98,2115.76,0.005488830296128518
2025-02-28 11:00:00,2115.76,2141.81,2115.76,2125.14,0.0027007443114919617
2025-02-28 12:00:00,2125.14,2138.57,2103.88,2119.45,0.005546188615415038
2025-02-28 13:00:00,2119.45,2163.25,2115.71,2150.51,-0.006437659659242705
2025-02-28 14:00:00,2150.51,2189.0,2137.79,2165.79,0.01274885031200337
2025-02-28 15:00:00,2165.79,2227.51,2163.17,2221.67,0.013543787699972562
2025-02-28 16:00:00,2221.67,2245.02,2205.55,2221.8,0.0131663047768789
2025-02-28 17:00:00,2221.8,2240.0,2207.49,2208.75,0.01359649862205708
2025-02-28 18:00:00,2208.75,2254.53,2192.56,2227.28,0.007346580963182445
2025-02-28 19:00:00,2227.28,2237.76,2219.98,2229.18,0.00882790721708641
2025-02-28 20:00:00,2229.18,2237.0,2198.0,2216.0,0.011623545187718656
2025-02-28 21:00:00,2216.0,2233.63,2208.96,2224.29,0.01014623411019333
2025-02-28 22:00:00,2224.29,2231.13,2208.47,2215.4,0.009854165545698668
2025-02-28 23:00:00,2215.4,2238.73,2212.3,2235.94,0.013911018296671792
2025-03-01 00:00:00,2235.94,2246.05,2214.41,2215.38,0.012776665704865131
2025-03-01 01:00:00,2215.38,2263.05,2212.11,2252.17,0.014136943359210334
2025-03-01 02:00:00,2252.17,2274.34,2238.42,2254.82,0.01087340249292791
2025-03-01 03:00:00,2254.82,2269.19,2247.59,2261.76,0.014256113550028947
2025-03-01 04:00:00,2261.76,2279.81,2257.13,2268.8,0.008694635004127975
2025-03-01 05:00:00,2268.8,2268.99,2251.06,2254.89,0.009302935936786496
2025-03-01 06:00:00,2254.89,2258.61,2230.0,2235.66,0.009052013972181113
2025-03-01 07:00:00,2235.66,2235.66,2223.09,2228.15,0.010957189732769336
2025-03-01 08:00:00,2228.15,2238.59,2226.01,2233.8,0.012998905746996891
2025-03-01 09:00:00,2233.8,2238.24,2227.49,2232.15,0.015272533119390952
2025-03-01 10:00:00,2232.15,2232.51,2198.6,2203.94,0.01325353233284237
2025-03-01 11:00:00,2203.94,2206.14,2170.3,2183.1,0.013250864307738912
2025-03-01 12:00:00,2183.1,2186.6,2170.42,2180.23,0.013750834980771261
2025-03-01 13:00:00,2180.23,2183.52,2141.33,2151.72,0.017955567913281633
2025-03-01 14:00:00,2151.72,2166.67,2148.06,2162.24,0.016138159790599006
2025-03-01 15:00:00,2162.24,2183.0,2157.5,2172.35,0.013465547801523805
2025-03-01 16:00:00,2172.35,2211.11,2168.16,2208.72,0.014875265251786654
2025-03-01 17:00:00,2208.72,2209.36,2189.4,2195.79,0.014440854452784264
2025-03-01 18:00:00,2195.79,2217.85,2192.13,2210.9,0.015969039041260017
2025-03-01 19:00:00,2210.9,2233.69,2210.01,2222.22,0.014100657681442903
2025-03-01 20:00:00,2222.22,2225.0,2213.86,2224.0,0.014519573898647914
2025-03-01 21:00:00,2224.0,2232.7,2207.04,2228.33,0.01321475851676353
2025-03-01 22:00:00,2228.33,2234.99,2209.92,2213.96,0.012474514565935069
2025-03-01 23:00:00,2213.96,2219.28,2190.01,2216.3,0.012362383708537532
2025-03-02 00:00:00,2216.3,2224.0,2202.64,2214.15,0.009514896237829643
2025-03-02 01:00:00,2214.15,2225.91,2208.46,2219.7,0.013308070277407737
2025-03-02 02:00:00,2219.7,2227.27,2200.22,2208.92,0.011897340481058514
2025-03-02 03:00:00,2208.92,2230.0,2208.92,2219.23,0.012152861053005264
2025-03-02 04:00:00,2219.23,2234.57,2218.06,2226.26,0.010208294834125841
2025-03-02 05:00:00,2226.26,2233.52,2222.83,2228.56,0.012292165833900087
2025-03-02 06:00:00,2228.56,2232.64,2217.3,2222.01,0.010237772913026999
2025-03-02 07:00:00,2222.01,2225.98,2217.64,2220.66,0.0085005664237633
2025-03-02 08:00:00,2220.66,2222.04,2206.85,2211.78,0.007369106376767599
2025-03-02 09:00:00,2211.78,2254.0,2210.95,2241.25,0.009518881100578384
2025-03-02 10:00:00,2241.25,2260.19,2239.0,2245.33,0.00957672497681188
2025-03-02 11:00:00,2245.33,2247.05,2235.51,2237.77,0.009705957120222476
2025-03-02 12:00:00,2237.77,2239.17,2222.22,2231.89,0.002682155934810946
2025-03-02 13:00:00,2231.89,2231.89,2205.61,2211.24,0.003931543809004561
2025-03-02 14:00:00,2211.24,2213.55,2170.8,2195.44,0.002950509223344629
2025-03-02 15:00:00,2195.44,2290.22,2195.1,2228.75,0.0012194187794444258
2025-03-02 16:00:00,2228.75,2501.73,2212.01,2440.78,0.007206769272378835
2025-03-02 17:00:00,2440.78,2510.0,2395.0,2479.82,0.009635032247268633
2025-03-02 18:00:00,2479.82,2518.85,2453.0,2473.35,0.006153929491833626
2025-03-02 19:00:00,2473.35,2499.88,2465.01,2485.36,0.019331041097993575
2025-03-02 20:00:00,2485.36,2519.8,2479.17,2509.3,0.013769354149588974
2025-03-02 21:00:00,2509.3,2540.16,2496.68,2523.34,0.009070243308344137
2025-03-02 22:00:00,2523.34,2548.63,2505.62,2537.57,0.006980457372623813
2025-03-02 23:00:00,2537.57,2549.97,2507.04,2517.12,0.00013807888055317348
2025-03-03 00:00:00,2517.12,2522.78,2463.52,2464.63,0.0019247006010941273
2025-03-03 01:00:00,2464.63,2475.22,2449.71,2457.93,0.0014870148032609407
2025-03-03 02:00:00,2457.93,2460.76,2417.79,2446.39,0.0025418809690571378
2025-03-03 03:00:00,2446.39,2454.4,2424.04,2439.99,0.006683336604648109
2025-03-03 04:00:00,2439.99,2451.79,2431.95,2449.03,0.0005860318915624316
2025-03-03 05:00:00,2449.03,2456.55,2439.96,2448.39,0.001398410507688023
2025-03-03 06:00:00,2448.39,2449.05,2359.42,2371.44,0.004471476642294667
2025-03-03 07:00:00,2371.44,2390.4,2351.65,2386.0,0.0055289844900573955
2025-03-03 08:00:00,2386.0,2386.97,2330.65,2344.19,0.005739638047934797
2025-03-03 10:00:00,2346.12,2365.72,2339.46,2357.93,-0.005885046848348617
2025-03-03 11:00:00,2357.93,2361.92,2343.35,2355.23,-0.001167912658686582
2025-03-03 12:00:00,2355.23,2375.7,2351.24,2366.39,-0.011782804655865568
2025-03-03 13:00:00,2366.39,2387.89,2360.49,2375.84,0.004954798867713763
2025-03-03 14:00:00,2375.84,2379.66,2266.66,2271.97,0.006374556611589023
2025-03-03 15:00:00,2271.97,2308.67,2268.55,2286.2,0.006704955104946568
2025-03-03 16:00:00,2286.2,2295.64,2257.0,2275.92,0.007392635809082239
2025-03-03 17:00:00,2275.92,2296.0,2264.37,2276.06,0.016699222473341612
2025-03-03 18:00:00,2276.06,2279.13,2177.02,2192.04,0.013662641871484754
2025-03-03 19:00:00,2192.04,2206.46,2095.08,2108.27,0.011003506099378177
2025-03-03 20:00:00,2108.27,2139.02,2095.2,2127.76,0.012256480071480867
2025-03-03 21:00:00,2127.76,2146.32,2102.33,2110.6,0.0009347371928112281
2025-03-03 22:00:00,2110.6,2172.5,2109.92,2165.01,0.0016995013541284748
2025-03-03 23:00:00,2165.01,2165.01,2141.66,2148.21,0.009348706941308056
2025-03-04 00:00:00,2148.21,2166.24,2122.12,2123.84,0.000238156614109386
2025-03-04 01:00:00,2123.84,2133.12,2023.83,2055.13,0.007232737836746342
2025-03-04 02:00:00,2055.13,2080.71,2001.88,2066.16,0.00037425636100060674
2025-03-04 03:00:00,2066.16,2091.56,2052.96,2073.65,0.012341923973023104
2025-03-04 04:00:00,2073.65,2092.42,2069.17,2080.68,0.005569677326538364
2025-03-04 05:00:00,2080.68,2121.2,2077.3,2105.99,0.009683309833374365
2025-03-04 06:00:00,2105.99,2110.53,2088.62,2096.5,0.009274267417228806
2025-03-04 07:00:00,2096.5,2102.28,2067.36,2079.67,0.013061541991567744
2025-03-04 08:00:00,2079.67,2105.0,2069.49,2097.91,0.016540509291676893
2025-03-04 09:00:00,2097.91,2110.84,2084.2,2086.76,0.012570562156062514
2025-03-04 10:00:00,2086.76,2106.73,2077.7,2099.78,0.016447604243968305
2025-03-04 11:00:00,2099.78,2117.39,2094.55,2100.16,0.01441305991420613
2025-03-04 12:00:00,2100.16,2111.89,2081.48,2102.33,0.010035111653346281
2025-03-04 13:00:00,2102.33,2102.66,2051.41,2063.19,0.007660039934009163
2025-03-04 14:00:00,2063.19,2157.61,2039.18,2077.61,0.009967749752277303
2025-03-04 15:00:00,2077.61,2086.25,2024.42,2073.64,0.008925672612238882
2025-03-04 16:00:00,2073.64,2076.23,1990.0,2060.76,0.014294056233749698
2025-03-04 17:00:00,2060.76,2134.38,2057.59,2117.7,0.014246313979893056
2025-03-04 18:00:00,2117.7,2152.93,2108.49,2147.04,0.017956224916913906
2025-03-04 19:00:00,2147.04,2173.78,2138.95,2171.84,0.01756678962746904
2025-03-04 20:00:00,2171.84,2192.0,2135.3,2138.26,0.01621831786910837
2025-03-04 21:00:00,2138.26,2221.68,2125.6,2176.48,0.016057365148117238
2025-03-04 22:00:00,2176.48,2186.7,2165.3,2165.58,0.016053978436730777
2025-03-04 23:00:00,2165.58,2179.58,2157.99,2170.51,0.011161825077071953
2025-03-05 00:00:00,2170.51,2174.9,2154.53,2164.25,0.017641234574784385
2025-03-05 01:00:00,2164.25,2191.7,2154.24,2188.44,0.011070439454364488
2025-03-05 02:00:00,2188.44,2189.78,2165.68,2178.15,0.013036752599372547
2025-03-05 03:00:00,2178.15,2188.2,2158.36,2159.63,0.010248250673148772
2025-03-05 04:00:00,2159.63,2174.74,2157.11,2172.39,0.009008392567652495
2025-03-05 05:00:00,2172.39,2181.89,2169.42,2179.09,0.01076324504674245
2025-03-05 06:00:00,2179.09,2194.7,2173.3,2189.57,0.012391500852661386
2025-03-05 07:00:00,2189.57,2212.25,2187.45,2206.52,0.009755869970436775
2025-03-05 08:00:00,2206.52,2225.46,2203.55,2212.41,0.00919153957562577
2025-03-05 09:00:00,2212.41,2261.59,2211.0,2237.92,0.008765353378230308
2025-03-05 10:00:00,2237.92,2272.88,2230.0,2236.57,0.007514575636327663
2025-03-05 11:00:00,2236.57,2238.55,2208.19,2216.55,0.00764996517245866
2025-03-05 12:00:00,2216.55,2232.07,2209.09,2217.1,0.00725639374494268
2025-03-05 13:00:00,2217.1,2223.22,2192.26,2201.58,0.009498645333302193
2025-03-05 14:00:00,2201.58,2205.06,2165.37,2170.4,0.009214456483177104
2025-03-05 15:00:00,2170.4,2204.18,2170.4,2185.86,0.009940405577425088
2025-03-05 16:00:00,2185.86,2197.5,2160.44,2189.43,0.012423604771541884
2025-03-05 17:00:00,2189.43,2219.54,2181.18,2193.57,0.01356804794799826
2025-03-05 18:00:00,2193.57,2207.0,2174.11,2203.95,0.012057750734380108
2025-03-05 19:00:00,2203.95,2221.86,2200.35,2216.87,0.011668331503411256
2025-03-05 20:00:00,2216.87,2234.26,2212.68,2229.6,0.012444654334004763
2025-03-05 21:00:00,2229.6,2240.85,2217.65,2234.06,0.010381017518451404
2025-03-05 22:00:00,2234.06,2241.0,2225.71,2236.61,0.009560947471164245
2025-03-05 23:00:00,2236.61,2252.14,2229.15,2240.45,0.009079274450313948
2025-03-06 00:00:00,2240.45,2256.41,2232.98,2237.26,0.010415422514176929
2025-03-06 01:00:00,2237.26,2288.0,2233.47,2262.0,0.011061079061298634
2025-03-06 02:00:00,2262.0,2289.99,2260.32,2283.46,0.010706911257934364
2025-03-06 03:00:00,2283.46,2295.45,2273.58,2288.64,0.00819941751355162
2025-03-06 04:00:00,2288.64,2306.77,2274.22,2298.3,0.006779525953846517
2025-03-06 05:00:00,2298.3,2318.91,2291.81,2312.24,0.00557445496536588
2025-03-06 06:00:00,2312.24,2313.49,2289.0,2290.97,0.0064840526639714105
2025-03-06 07:00:00,2290.97,2299.88,2278.0,2285.2,0.006081834273705936
2025-03-06 08:00:00,2285.2,2300.66,2278.35,2292.25,0.0048229051666653635
2025-03-06 09:00:00,2292.25,2293.01,2275.37,2283.01,0.009521060914688005
2025-03-06 10:00:00,2283.01,2304.52,2278.67,2292.86,0.009944053101651952
2025-03-06 11:00:00,2292.86,2300.14,2282.99,2296.62,0.008249706154717668
2025-03-06 12:00:00,2296.62,2297.78,2258.49,2266.64,0.010072245508283973
2025-03-06 13:00:00,2266.64,2273.89,2243.02,2245.61,0.0077251097729263574
2025-03-06 14:00:00,2245.61,2256.2,2206.99,2224.0,0.007402415855100577
2025-03-06 15:00:00,2224.0,2274.48,2220.65,2256.42,0.010460318680814836
2025-03-06 16:00:00,2256.42,2264.58,2218.45,2221.0,0.010863299672067337
2025-03-06 17:00:00,2221.0,2223.15,2175.41,2189.94,0.009660915314591085
2025-03-06 18:00:00,2189.94,2204.88,2187.32,2200.51,0.007512913490996119
2025-03-06 19:00:00,2200.51,2217.66,2180.39,2197.11,0.01083336129461314
2025-03-06 20:00:00,2197.11,2211.96,2190.97,2198.93,0.013158799778960388
2025-03-06 21:00:00,2198.93,2218.41,2196.36,2212.25,0.01180437557981774
2025-03-06 22:00:00,2212.25,2228.28,2193.99,2210.01,0.012605932228001096
2025-03-06 23:00:00,2210.01,2216.5,2200.0,2200.98,0.00984449570483184
2025-03-07 00:00:00,2200.98,2226.32,2101.0,2116.38,0.00848519451730979
2025-03-07 01:00:00,2116.38,2190.88,2107.9,2174.41,0.008618607224989012
2025-03-07 02:00:00,2174.41,2185.14,2154.0,2154.46,0.010894772716748888
2025-03-07 03:00:00,2154.46,2162.35,2145.42,2147.2,0.012347388113592971
2025-03-07 04:00:00,2147.2,2163.69,2143.46,2154.33,0.007842804010831478
2025-03-07 05:00:00,2154.33,2183.16,2153.32,2173.54,0.01037228197139827
2025-03-07 06:00:00,2173.54,2185.94,2164.57,2181.31,0.011977179814665532
2025-03-07 07:00:00,2181.31,2192.79,2177.0,2191.52,0.010531459708255376
2025-03-07 08:00:00,2191.52,2195.36,2176.29,2184.69,0.009253050744330147
2025-03-07 09:00:00,2184.69,2209.94,2184.36,2192.71,0.011081846760670956
2025-03-07 10:00:00,2192.71,2197.28,2184.69,2196.0,0.009606138442991942
2025-03-07 11:00:00,2196.0,2207.04,2189.38,2196.42,0.011899792665537336
2025-03-07 12:00:00,2196.42,2198.11,2164.33,2177.32,0.011732774884674328
2025-03-07 13:00:00,2177.32,2225.33,2176.53,2187.56,0.01244077434721999
2025-03-07 14:00:00,2187.56,2258.47,2175.69,2220.81,0.011582143594395904
2025-03-07 15:00:00,2220.81,2238.19,2180.05,2208.49,0.015438513770724032
2025-03-07 16:00:00,2208.49,2214.45,2142.69,2157.29,0.013412180670248694
2025-03-07 17:00:00,2157.29,2183.85,2140.0,2160.67,0.010326836614792835
2025-03-07 18:00:00,2160.67,2199.58,2156.37,2193.95,0.011445766847953837
2025-03-07 19:00:00,2193.95,2201.81,2160.48,2177.16,0.013103642930646045
2025-03-07 20:00:00,2177.16,2186.22,2144.83,2156.65,0.013364180543711055
2025-03-07 21:00:00,2156.65,2163.15,2113.09,2137.96,0.010332169540256389
2025-03-07 22:00:00,2137.96,2150.99,2115.36,2143.45,0.01144201948399501
2025-03-07 23:00:00,2143.45,2143.78,2114.48,2140.71,0.014414828572026514
2025-03-08 00:00:00,2140.71,2152.61,2129.42,2151.07,0.013380059158727704
2025-03-08 01:00:00,2151.07,2155.0,2103.7,2132.02,0.01201640627834028
2025-03-08 02:00:00,2132.02,2144.84,2130.11,2142.8,0.012523521650890788
2025-03-08 03:00:00,2142.8,2142.98,2123.58,2137.06,0.011081365691621294
2025-03-08 04:00:00,2137.06,2151.94,2130.43,2149.31,0.01300524018624616
2025-03-08 05:00:00,2149.31,2149.65,2132.35,2139.47,0.010767571497412422
2025-03-08 06:00:00,2139.47,2144.62,2132.02,2138.52,0.012680785228527933
2025-03-08 07:00:00,2138.52,2147.11,2133.15,2136.7,0.010278154223769825
2025-03-08 08:00:00,2136.7,2140.02,2125.6,2127.38,0.013176553940124836
2025-03-08 09:00:00,2127.38,2142.7,2125.4,2128.65,0.013261403243866711
2025-03-08 10:00:00,2128.65,2140.0,2126.57,2138.66,0.012718122614564712
2025-03-08 11:00:00,2138.66,2141.51,2126.3,2140.89,0.012620492266977503
2025-03-08 12:00:00,2140.89,2173.05,2137.02,2167.2,0.011604509079170962
2025-03-08 13:00:00,2167.2,2197.99,2165.17,2189.25,0.010586392083336834
2025-03-08 14:00:00,2189.25,2194.82,2174.21,2178.15,0.00977569170994577
2025-03-08 15:00:00,2178.15,2191.0,2167.09,2180.4,0.010625868308936571
2025-03-08 16:00:00,2180.4,2197.43,2160.2,2189.17,0.007534427442365923
2025-03-08 17:00:00,2189.17,2218.98,2179.0,2198.24,0.011964765998976657
2025-03-08 18:00:00,2198.24,2212.81,2193.24,2207.44,0.012474958043089259
2025-03-08 19:00:00,2207.44,2234.32,2199.72,2223.74,0.009775626716990478
2025-03-08 20:00:00,2223.74,2225.05,2210.5,2212.0,0.011446390807743992
2025-03-08 21:00:00,2212.0,2224.01,2211.61,2215.27,0.009981579812489596
2025-03-08 22:00:00,2215.27,2216.7,2196.85,2206.73,0.009949735543181815
2025-03-08 23:00:00,2206.73,2209.79,2192.71,2202.83,0.009714908921533606
2025-03-09 00:00:00,2202.83,2208.73,2198.99,2205.35,0.009255952781027392
2025-03-09 01:00:00,2205.35,2211.2,2186.24,2190.1,0.00980138612241559
2025-03-09 02:00:00,2190.1,2193.5,2179.37,2180.89,0.010014743016519972
2025-03-09 03:00:00,2180.89,2189.0,2175.27,2185.0,0.009571810547604026
2025-03-09 04:00:00,2185.0,2190.74,2183.0,2188.6,0.010916238634023918
2025-03-09 05:00:00,2188.6,2196.31,2179.45,2182.11,0.010538278563092723
2025-03-09 06:00:00,2182.11,2183.85,2170.84,2178.8,0.00919828801733397
2025-03-09 07:00:00,2178.8,2188.45,2177.1,2184.3,0.007725386639448826
2025-03-09 08:00:00,2184.3,2186.98,2174.54,2175.31,0.008465973365242137
2025-03-09 09:00:00,2175.31,2179.72,2159.77,2164.58,0.009008660811562071
2025-03-09 10:00:00,2164.58,2169.37,2127.13,2133.01,0.007797628667954081
2025-03-09 11:00:00,2133.01,2147.65,2131.29,2145.62,0.010030091886244694
2025-03-09 12:00:00,2145.62,2145.89,2130.49,2140.88,0.010010206045650191
2025-03-09 13:00:00,2140.88,2142.89,2101.0,2102.84,0.009943708978261329
2025-03-09 14:00:00,2102.84,2123.61,2094.94,2116.52,0.008083038570224075
2025-03-09 15:00:00,2116.52,2121.3,2083.27,2096.01,0.010033869848635659
2025-03-09 16:00:00,2096.01,2108.0,2040.54,2048.0,0.009533554589819006
2025-03-09 17:00:00,2048.0,2056.0,2012.58,2023.06,0.00832092367059319
2025-03-09 18:00:00,2023.06,2038.0,1995.96,2019.99,0.00869231210240632
2025-03-09 19:00:00,2019.99,2048.11,2015.43,2039.23,0.007978609858387529
2025-03-09 20:00:00,2039.23,2055.54,2035.39,2046.01,0.00018935575665291615
2025-03-09 21:00:00,2046.01,2049.35,2012.31,2023.67,0.0040890272842590055
2025-03-09 22:00:00,2023.67,2029.12,2005.0,2009.3,0.004760832419264723
2025-03-09 23:00:00,2009.3,2031.33,1986.95,2019.0,0.007841824098448528
2025-03-10 00:00:00,2019.0,2042.1,1993.54,2035.09,0.007696091532626773
2025-03-10 01:00:00,2035.09,2052.58,2026.32,2042.15,0.009001141032397648
2025-03-10 02:00:00,2042.15,2069.74,2035.6,2056.75,0.008671753762957177
2025-03-10 03:00:00,2056.75,2064.0,2043.1,2056.81,0.0110094447225477
2025-03-10 04:00:00,2056.81,2075.9,2055.0,2071.74,0.009050377875109055
2025-03-10 05:00:00,2071.74,2075.0,2058.05,2062.72,0.012515911914473949
2025-03-10 06:00:00,2062.72,2066.66,2053.43,2065.88,0.012442429208789739
2025-03-10 07:00:00,2065.88,2078.3,2062.0,2074.21,0.01067098373102392
2025-03-10 08:00:00,2074.21,2076.16,2046.75,2061.31,0.011312522751310587
2025-03-10 09:00:00,2061.31,2152.69,2060.9,2100.93,0.011255507527801566
2025-03-10 10:00:00,2100.93,2105.61,2075.34,2098.61,0.01242688107063522
2025-03-10 11:00:00,2098.61,2138.23,2097.6,2127.12,0.015170602140175168
2025-03-10 12:00:00,2127.12,2134.74,2104.22,2124.79,0.01206737814205043
2025-03-10 13:00:00,2124.79,2129.0,2077.13,2083.11,0.011430222188852977
2025-03-10 14:00:00,2083.11,2083.11,1995.24,2018.16,0.01033067697439139
2025-03-10 15:00:00,2018.16,2042.85,2009.55,2016.84,0.011670822617691066
2025-03-10 16:00:00,2016.84,2024.32,1998.47,2004.29,0.015428805296652989
2025-03-10 17:00:00,2004.29,2007.77,1905.51,1916.6,0.008719516140170082
2025-03-10 18:00:00,1916.6,1938.7,1811.61,1823.98,0.010995098591951767
2025-03-10 19:00:00,1823.98,1881.98,1809.08,1869.09,0.014414719937252693
2025-03-10 20:00:00,1869.09,1881.0,1842.32,1868.42,0.005339292014902525
2025-03-10 21:00:00,1868.42,1902.97,1860.26,1886.37,-0.0017675533372253202
2025-03-10 22:00:00,1886.37,1889.42,1864.78,1879.1,0.0054055036428082405
2025-03-10 23:00:00,1879.1,1894.43,1856.81,1864.0,0.002719874467501567
2025-03-11 00:00:00,1864.0,1889.43,1753.0,1813.12,-0.000620520143541997
2025-03-11 01:00:00,1813.12,1857.4,1772.69,1857.4,0.0004483643794840909
2025-03-11 02:00:00,1857.4,1876.87,1850.49,1859.01,0.006175596604542998
2025-03-11 03:00:00,1859.01,1880.67,1846.26,1849.35,0.006938625053135019
2025-03-11 04:00:00,1849.35,1877.86,1845.17,1868.02,0.004577778620070938
2025-03-11 05:00:00,1868.02,1913.51,1865.4,1892.68,0.011952188592003383
2025-03-11 06:00:00,1892.68,1904.57,1880.18,1883.8,0.006951717115311385
2025-03-11 07:00:00,1883.8,1908.34,1881.89,1903.13,0.013013450581551178
2025-03-11 08:00:00,1903.13,1918.7,1898.72,1906.38,0.0157968761665441
2025-03-11 09:00:00,1906.38,1928.8,1905.0,1916.1,0.015375880786542942
2025-03-11 10:00:00,1916.1,1927.88,1909.52,1920.98,0.014794961200462198
2025-03-11 11:00:00,1920.98,1925.0,1905.28,1913.4,0.013975003059150368
2025-03-11 12:00:00,1913.4,1914.77,1886.09,1894.2,0.011593520436167685
2025-03-11 13:00:00,1894.2,1963.16,1866.2,1902.43,0.012329646795760946
2025-03-11 14:00:00,1902.43,1911.8,1839.42,1866.33,0.014041898563193551
2025-03-11 15:00:00,1866.33,1925.84,1863.45,1913.61,0.017717810495291517
2025-03-11 16:00:00,1913.61,1935.66,1897.09,1917.38,0.019118480615210848
2025-03-11 17:00:00,1917.38,1917.71,1885.4,1903.96,0.02043372006571081
2025-03-11 19:00:00,1951.9,1962.0,1941.5,1951.76,0.014720295445450943
2025-03-11 20:00:00,1951.76,1954.5,1934.99,1935.86,0.013120319449985976
2025-03-11 21:00:00,1935.86,1949.78,1935.62,1939.28,0.016414089888782905
2025-03-11 22:00:00,1939.28,1951.43,1936.0,1942.88,0.01118773592486823
2025-03-11 23:00:00,1942.88,1943.64,1916.22,1922.6,0.012414711605936185
2025-03-12 00:00:00,1922.6,1924.46,1904.64,1911.05,0.01347574168944885
2025-03-12 01:00:00,1911.05,1931.58,1909.02,1919.73,0.014779699980648786
2025-03-12 02:00:00,1919.73,1920.42,1886.8,1895.13,0.019854531473674913
2025-03-12 03:00:00,1895.13,1897.54,1866.06,1867.6,0.018360174416306593
2025-03-12 04:00:00,1867.6,1867.88,1851.48,1865.98,0.017004992191081786
2025-03-12 05:00:00,1865.98,1879.71,1861.01,1877.48,0.01996998616579607
2025-03-12 06:00:00,1877.48,1878.17,1852.35,1872.45,0.020097888673556857
2025-03-12 07:00:00,1872.45,1915.97,1870.88,1910.42,0.01902073651532352
2025-03-12 08:00:00,1910.42,1935.45,1870.48,1927.42,0.019097102025740196
2025-03-12 09:00:00,1927.42,1955.97,1877.0,1893.4,0.01973439038201724
2025-03-12 10:00:00,1893.4,1900.95,1882.83,1899.43,0.017003962879346905
2025-03-12 11:00:00,1899.43,1918.57,1899.43,1915.82,0.014827132875615606
2025-03-12 12:00:00,1915.82,1945.0,1906.54,1928.0,0.019055173393077017
2025-03-12 13:00:00,1928.0,1931.46,1877.14,1886.48,0.018067052160789104
2025-03-12 14:00:00,1886.48,1894.84,1854.6,1859.97,0.014737584748515185
2025-03-12 15:00:00,1859.97,1869.89,1829.17,1868.39,0.014671145228494706
2025-03-12 16:00:00,1868.39,1883.3,1861.76,1870.38,0.019495893964463856
2025-03-12 17:00:00,1870.38,1893.5,1864.54,1867.06,0.021361098139937463
2025-03-12 18:00:00,1867.06,1887.64,1864.44,1877.74,0.018383994156943893
2025-03-12 19:00:00,1877.74,1885.0,1866.3,1877.32,0.01738411049285597
2025-03-12 20:00:00,1877.32,1892.68,1873.0,1890.8,0.01704480047531716
2025-03-12 21:00:00,1890.8,1905.0,1889.47,1893.69,0.017102514602456615
2025-03-12 22:00:00,1893.69,1914.6,1893.54,1909.6,0.01608480156177844
2025-03-12 23:00:00,1909.6,1910.3,1900.7,1907.23,0.014112982636354635
2025-03-13 00:00:00,1907.23,1916.36,1896.28,1898.97,0.014276438044827429
2025-03-13 01:00:00,1898.97,1912.83,1892.73,1906.2,0.012456122867495392
2025-03-13 02:00:00,1906.2,1915.65,1887.51,1889.07,0.013389458116272785
2025-03-13 03:00:00,1889.07,1900.36,1880.9,1886.16,0.015956982342013433
2025-03-13 04:00:00,1886.16,1890.77,1868.2,1873.08,0.014449889752760533
2025-03-13 05:00:00,1873.08,1881.3,1861.47,1867.11,0.017328791558624965
2025-03-13 06:00:00,1867.11,1870.91,1857.62,1868.39,0.016465536896004693
2025-03-13 07:00:00,1868.39,1880.42,1867.89,1871.2,0.01702243272369021
2025-03-13 08:00:00,1871.2,1879.87,1852.79,1874.55,0.018163376415153316
2025-03-13 09:00:00,1874.55,1894.59,1874.34,1890.0,0.019050258669237038
2025-03-13 10:00:00,1890.0,1904.66,1866.21,1899.31,0.017017035420369617
2025-03-13 11:00:00,1899.31,1902.58,1887.01,1899.62,0.016339509688934023
2025-03-13 12:00:00,1899.62,1921.1,1889.0,1896.28,0.016101549252483905
2025-03-13 13:00:00,1896.28,1908.83,1865.35,1870.35,0.014722832394448635
2025-03-13 14:00:00,1870.35,1897.0,1863.11,1883.85,0.014551111756363184
2025-03-13 15:00:00,1883.85,1888.8,1866.05,1874.69,0.016512801913260145
2025-03-13 16:00:00,1874.69,1877.39,1850.2,1856.92,0.018490996180980948
2025-03-13 17:00:00,1856.92,1860.6,1820.42,1825.8,0.017736531191923616
2025-03-13 18:00:00,1825.8,1853.75,1825.41,1850.99,0.016448668662032657
2025-03-13 19:00:00,1850.99,1857.65,1837.67,1850.83,0.017986619104752574
2025-03-13 20:00:00,1850.83,1858.88,1838.0,1841.6,0.014985757469189788
2025-03-13 21:00:00,1841.6,1861.54,1839.12,1861.52,0.016293282172661416
2025-03-13 22:00:00,1861.52,1880.74,1856.94,1878.23,0.015472098745849172
2025-03-13 23:00:00,1878.23,1882.71,1860.53,1863.88,0.015808514319591276
2025-03-14 00:00:00,1863.88,1878.93,1860.41,1873.64,0.014106745909262796
2025-03-14 01:00:00,1873.64,1888.86,1868.23,1880.44,0.011805868551185643
2025-03-14 02:00:00,1880.44,1893.82,1879.2,1892.0,0.014123800853184544
2025-03-14 03:00:00,1892.0,1892.46,1883.33,1888.6,0.013035816983406799
2025-03-14 04:00:00,1888.6,1896.3,1888.03,1890.0,0.012209558808800026
2025-03-14 05:00:00,1890.0,1898.67,1886.8,1894.74,0.01203369354285643
2025-03-14 06:00:00,1894.74,1895.74,1887.51,1894.39,0.012728885535613424
2025-03-14 07:00:00,1894.39,1904.68,1887.5,1892.12,0.012301702021224598
2025-03-14 08:00:00,1892.12,1902.45,1890.36,1894.21,0.01211099374555921
2025-03-14 09:00:00,1894.21,1898.0,1891.08,1893.66,0.013014532667885695
2025-03-14 10:00:00,1893.66,1907.95,1888.47,1897.05,0.014490458431789224
2025-03-14 11:00:00,1897.05,1905.84,1897.0,1901.51,0.013185836938027553
2025-03-14 12:00:00,1901.51,1907.62,1894.34,1901.84,0.013811133779352346
2025-03-14 13:00:00,1901.84,1913.96,1891.32,1903.71,0.013391578882709858
2025-03-14 14:00:00,1903.71,1923.89,1873.42,1918.39,0.012119341494699423
2025-03-14 15:00:00,1918.39,1941.81,1912.42,1921.23,0.010895435689584081
2025-03-14 16:00:00,1921.23,1936.9,1913.12,1935.65,0.01116229068520578
2025-03-14 17:00:00,1935.65,1939.18,1926.49,1934.0,0.009207114504775439
2025-03-14 18:00:00,1934.0,1945.61,1926.44,1933.97,0.013199814141908872
2025-03-14 19:00:00,1933.97,1944.46,1929.8,1933.25,0.009031631538805918
2025-03-14 20:00:00,1933.25,1934.0,1915.37,1924.0,0.011049957125831554
2025-03-14 21:00:00,1924.0,1924.87,1914.48,1921.5,0.011723438079723382
2025-03-14 22:00:00,1921.5,1929.29,1919.24,1925.96,0.012353876269230001
2025-03-14 23:00:00,1925.96,1926.34,1907.56,1910.91,0.01313010661404373
2025-03-15 00:00:00,1910.91,1917.17,1908.5,1914.55,0.012375513758798898
2025-03-15 01:00:00,1914.55,1919.51,1902.85,1910.65,0.01017712729448311
2025-03-15 02:00:00,1910.65,1915.96,1903.57,1913.04,0.013392137775022218
2025-03-15 03:00:00,1913.04,1922.5,1912.22,1919.79,0.01121648152142286
2025-03-15 04:00:00,1919.79,1934.75,1915.07,1930.99,0.011845857438942384
2025-03-15 05:00:00,1930.99,1932.21,1924.17,1927.47,0.010775329568041518
2025-03-15 06:00:00,1927.47,1929.9,1922.23,1928.1,0.009825612616421724
2025-03-15 07:00:00,1928.1,1928.58,1913.69,1916.75,0.008378422387840043
2025-03-15 08:00:00,1916.75,1921.26,1911.52,1920.89,0.009502623900045514
2025-03-15 09:00:00,1920.89,1925.76,1913.23,1925.0,0.00960270949178495
2025-03-15 10:00:00,1925.0,1928.54,1918.92,1926.51,0.012883284484144478
2025-03-15 11:00:00,1926.51,1930.89,1924.65,1927.99,0.010883007240309805
2025-03-15 12:00:00,1927.99,1930.22,1922.1,1922.29,0.009443887203884192
2025-03-15 13:00:00,1922.29,1932.4,1921.6,1930.05,0.008752560063805936
2025-03-15 14:00:00,1930.05,1930.05,1922.2,1925.62,0.00783078417584326
2025-03-15 15:00:00,1925.62,1938.74,1925.51,1936.81,0.009951676707046268
2025-03-15 16:00:00,1936.81,1944.33,1932.31,1936.85,0.008724328502924332
2025-03-15 17:00:00,1936.85,1947.55,1934.2,1939.6,0.009620156442438545
2025-03-15 18:00:00,1939.6,1944.48,1929.61,1931.59,0.007448909181436408
2025-03-15 19:00:00,1931.59,1936.88,1927.43,1936.01,0.008640062688809284
2025-03-15 20:00:00,1936.01,1948.82,1936.0,1943.0,0.00849331320123844
2025-03-15 21:00:00,1943.0,1956.5,1939.23,1949.91,0.009871488150540484
2025-03-15 22:00:00,1949.91,1953.53,1938.4,1942.63,0.008126680644128184
2025-03-15 23:00:00,1942.63,1943.88,1935.24,1936.27,0.007974375848878256
2025-03-16 00:00:00,1936.27,1939.86,1930.37,1931.56,0.00755427359627729
2025-03-16 01:00:00,1931.56,1933.67,1919.19,1921.45,0.009644487858234798
2025-03-16 02:00:00,1921.45,1926.8,1915.45,1921.0,0.010025438012031785
2025-03-16 03:00:00,1921.0,1929.41,1920.33,1926.47,0.010577112938306356
2025-03-16 04:00:00,1926.47,1928.2,1922.52,1926.02,0.012397537064756286
2025-03-16 05:00:00,1926.02,1932.7,1925.0,1931.51,0.011191250498596664
2025-03-16 06:00:00,1931.51,1933.22,1926.6,1926.79,0.008965527137461767
2025-03-16 07:00:00,1926.79,1928.15,1920.73,1924.99,0.009849773747735274
2025-03-16 08:00:00,1924.99,1926.0,1917.25,1921.69,0.010126845484292962
2025-03-16 09:00:00,1921.69,1922.21,1904.6,1906.98,0.011353003552462576
2025-03-16 10:00:00,1906.98,1912.75,1902.5,1904.6,0.011059553716152765
2025-03-16 11:00:00,1904.6,1904.61,1865.8,1872.64,0.012387238837864103
2025-03-16 12:00:00,1872.64,1888.53,1872.21,1880.12,0.01302170232063401
2025-03-16 13:00:00,1880.12,1893.68,1873.52,1878.71,0.012865989837494781
2025-03-16 14:00:00,1878.71,1896.0,1878.2,1895.83,0.004690132415711921
2025-03-16 15:00:00,1895.83,1897.4,1887.08,1894.11,0.009828928872954617
2025-03-16 16:00:00,1894.11,1923.7,1892.54,1904.6,0.0111402741775121
2025-03-16 17:00:00,1904.6,1916.04,1903.0,1909.33,0.011524011476066838
2025-03-16 18:00:00,1909.33,1909.67,1889.5,1895.02,0.01100337636185633
2025-03-16 19:00:00,1895.02,1895.4,1858.03,1881.81,0.012280729416303057
2025-03-16 20:00:00,1881.81,1894.41,1880.9,1893.85,0.011861363440767995
2025-03-16 21:00:00,1893.85,1897.63,1883.74,1888.68,0.01614589478091503
2025-03-16 22:00:00,1888.68,1890.47,1873.03,1873.62,0.015164429625224444
2025-03-16 23:00:00,1873.62,1888.0,1869.51,1886.01,0.012552037665215244
2025-03-17 00:00:00,1886.01,1905.66,1885.41,1901.02,0.013842185024802639
2025-03-17 01:00:00,1901.02,1909.78,1895.92,1902.16,0.0163335648982951
2025-03-17 02:00:00,1902.16,1912.0,1900.25,1906.65,0.012091781065435077
2025-03-17 03:00:00,1906.65,1914.88,1905.79,1908.27,0.01104898795837229
2025-03-17 04:00:00,1908.27,1912.38,1901.94,1904.12,0.011185034938450201
2025-03-17 05:00:00,1904.12,1904.5,1892.84,1893.1,0.010129423096874035
2025-03-17 06:00:00,1893.1,1898.47,1878.88,1892.24,0.009898117760411275
2025-03-17 07:00:00,1892.24,1902.46,1890.72,1900.13,0.011972026437254672
2025-03-17 08:00:00,1900.13,1904.49,1892.06,1902.93,0.01459809243498996
2025-03-17 09:00:00,1902.93,1912.22,1899.8,1911.83,0.014037630291121811
2025-03-17 10:00:00,1911.83,1917.79,1907.38,1912.09,0.010414592440711688
2025-03-17 11:00:00,1912.09,1916.0,1907.48,1909.71,0.009978314393694074
2025-03-17 12:00:00,1909.71,1942.28,1901.57,1907.52,0.008353093248400901
2025-03-17 13:00:00,1907.52,1913.44,1892.5,1897.52,0.009471333576976116
2025-03-17 14:00:00,1897.52,1911.63,1886.37,1898.63,0.011144178460720102
2025-03-17 15:00:00,1898.63,1922.31,1893.04,1918.4,0.013327640382710662
2025-03-17 16:00:00,1918.4,1924.5,1906.67,1913.51,0.015413536245049552
2025-03-17 17:00:00,1913.51,1934.89,1911.15,1929.77,0.01338493503152253
2025-03-17 18:00:00,1929.77,1951.0,1929.44,1948.01,0.009197098231744666
2025-03-17 19:00:00,1948.01,1951.65,1939.58,1941.34,0.010219726596492678
2025-03-17 20:00:00,1941.34,1941.91,1930.55,1934.6,0.009872255333114194
2025-03-17 21:00:00,1934.6,1948.83,1932.8,1940.18,0.009468983977376298
2025-03-17 22:00:00,1940.18,1941.99,1931.56,1931.59,0.011022834467432545
2025-03-17 23:00:00,1931.59,1931.87,1921.1,1925.36,0.013534573777896027
2025-03-18 00:00:00,1925.36,1929.5,1918.13,1921.4,0.011863587017627023
2025-03-18 01:00:00,1921.4,1923.93,1899.23,1902.54,0.013219977679734334
2025-03-18 02:00:00,1902.54,1916.94,1902.01,1910.53,0.011913302646500168
2025-03-18 03:00:00,1910.53,1910.54,1896.36,1900.36,0.012078503339755157
2025-03-18 04:00:00,1900.36,1907.49,1899.0,1903.33,0.016760649137334285
2025-03-18 05:00:00,1903.33,1909.41,1903.26,1906.79,0.012124063372114071
2025-03-18 06:00:00,1906.79,1906.89,1892.9,1897.49,0.01390945609396154
2025-03-18 07:00:00,1897.49,1909.13,1896.37,1904.35,0.011984250708903566
2025-03-18 08:00:00,1904.35,1912.59,1900.2,1907.94,0.010743775152055034
2025-03-18 09:00:00,1907.94,1911.3,1899.11,1900.49,0.012933252062747851
2025-03-18 10:00:00,1900.49,1902.1,1884.25,1894.44,0.010633520584553222
2025-03-18 11:00:00,1894.44,1897.79,1888.42,1891.74,0.009748510641115007
2025-03-18 12:00:00,1891.74,1900.0,1888.5,1895.06,0.011984877393339866
2025-03-18 13:00:00,1895.06,1902.54,1871.24,1879.19,0.012516396685379532
2025-03-18 14:00:00,1879.19,1896.83,1874.0,1894.01,0.010896054564043854
2025-03-18 15:00:00,1894.01,1896.94,1876.68,1879.96,0.010083591087927097
2025-03-18 16:00:00,1879.96,1890.92,1875.19,1886.85,0.014850753476150681
2025-03-18 17:00:00,1886.85,1888.71,1874.0,1875.81,0.011978223297225121
2025-03-18 18:00:00,1875.81,1891.62,1872.53,1889.46,0.015354512747686077
2025-03-18 19:00:00,1889.46,1907.7,1887.1,1903.9,0.012278270877004662
2025-03-18 20:00:00,1903.9,1909.5,1897.7,1905.79,0.012453309807399204
2025-03-18 21:00:00,1905.79,1913.96,1904.9,1910.87,0.011184415010446438
2025-03-18 22:00:00,1910.87,1919.55,1907.6,1917.17,0.008764790293158783
2025-03-18 23:00:00,1917.17,1935.32,1917.16,1930.63,0.009766629863535159
2025-03-19 00:00:00,1930.63,1948.5,1928.57,1944.66,0.008937693875657559
2025-03-19 01:00:00,1944.66,1946.19,1930.62,1930.7,0.00978003860758674
2025-03-19 02:00:00,1930.7,1934.31,1927.38,1932.87,0.008907513616598342
2025-03-19 03:00:00,1932.87,1938.4,1929.66,1937.74,0.008391901141808714
2025-03-19 04:00:00,1937.74,1939.45,1929.53,1932.51,0.013011825629045137
2025-03-19 05:00:00,1932.51,1939.8,1931.12,1938.52,0.01150361893870058
2025-03-19 06:00:00,1938.52,1942.5,1933.63,1938.18,0.011026472001694605
2025-03-19 07:00:00,1938.18,1939.0,1930.1,1931.0,0.011314866914796114
2025-03-19 08:00:00,1931.0,1943.96,1930.88,1939.74,0.009697663970013046
2025-03-19 09:00:00,1939.74,1946.0,1937.36,1943.18,0.009823720992521484
2025-03-19 10:00:00,1943.18,1989.87,1941.9,1972.91,0.010916711159524906
2025-03-19 11:00:00,1972.91,2032.89,1972.9,2027.13,0.009863152712269922
2025-03-19 12:00:00,2027.13,2028.59,1994.19,2003.11,0.007045075505762016
2025-03-19 13:00:00,2003.11,2022.12,1997.21,2015.57,0.0079342424012458
2025-03-19 14:00:00,2015.57,2040.0,2015.5,2029.98,0.00357596183848184
2025-03-19 15:00:00,2029.98,2056.11,2025.0,2047.87,0.008324165369849286
2025-03-19 16:00:00,2047.87,2049.43,2035.5,2046.94,0.006474940463161703
2025-03-19 17:00:00,2046.94,2048.0,2014.08,2026.4,0.006739286266308889
2025-03-19 18:00:00,2026.4,2061.57,1995.18,2044.5,0.006093034004823196
2025-03-19 19:00:00,2044.5,2051.7,2019.9,2029.91,0.007492692399665765
2025-03-19 20:00:00,2029.91,2044.22,2027.5,2033.3,0.013926317211007195
2025-03-19 21:00:00,2033.3,2045.75,2032.8,2039.63,0.012516218027513812
2025-03-19 22:00:00,2039.63,2056.94,2035.51,2048.28,0.01486176623922543
2025-03-19 23:00:00,2048.28,2069.0,2041.33,2055.21,0.012573970821276002
2025-03-20 00:00:00,2055.21,2066.87,2027.89,2032.0,0.009662618633258032
2025-03-20 01:00:00,2032.0,2040.98,2021.86,2025.82,0.008816256784193522
2025-03-20 02:00:00,2025.82,2033.4,2022.5,2032.18,0.009152304514443932
2025-03-20 04:00:00,2021.86,2024.49,2017.21,2020.31,0.01505653269665082
2025-03-20 05:00:00,2020.31,2021.0,2011.24,2016.44,0.014500705868937577
2025-03-20 06:00:00,2016.44,2021.46,2006.13,2011.81,0.012840021856531407
2025-03-20 07:00:00,2011.81,2014.89,2003.85,2006.7,0.014353250853443671
2025-03-20 08:00:00,2006.7,2020.35,2002.01,2018.25,0.013843896640018505
2025-03-20 09:00:00,2018.25,2018.25,2002.18,2004.81,0.0132127029333812
2025-03-20 10:00:00,2004.81,2005.09,1970.36,1981.72,0.012794795532305284
2025-03-20 11:00:00,1981.72,1993.3,1981.6,1988.39,0.011832604071542824
2025-03-20 12:00:00,1988.39,1997.85,1984.19,1995.58,0.013870967844650061
2025-03-20 13:00:00,1995.58,1997.47,1978.0,1985.05,0.01565730934288074
2025-03-20 14:00:00,1985.05,2009.66,1984.36,2002.62,0.012841711640983132
2025-03-20 15:00:00,2002.62,2002.8,1965.0,1971.19,0.01330570115322982
2025-03-20 16:00:00,1971.19,1979.12,1951.52,1958.01,0.01564517969072172
2025-03-20 17:00:00,1958.01,1972.42,1957.05,1969.89,0.013629621503468982
2025-03-20 18:00:00,1969.89,1977.64,1966.51,1966.63,0.01746163726212996
2025-03-20 19:00:00,1966.63,1978.6,1966.51,1974.0,0.01744562065481637
2025-03-20 20:00:00,1974.0,1981.78,1970.5,1978.77,0.015328712249057404
2025-03-20 21:00:00,1978.77,1984.25,1974.11,1976.09,0.013953136786676978
2025-03-20 22:00:00,1976.09,1982.02,1971.78,1975.81,0.012491018976108664
2025-03-20 23:00:00,1975.81,1983.06,1971.75,1982.91,0.010850923722767459
2025-03-21 00:00:00,1982.91,1993.2,1980.85,1990.48,0.012204913884742699
2025-03-21 01:00:00,1990.48,1995.85,1983.72,1993.23,0.012754812909201017
2025-03-21 02:00:00,1993.23,1994.31,1984.0,1986.93,0.010613720454078159
2025-03-21 03:00:00,1986.93,1987.17,1972.06,1977.64,0.008980451944232647
2025-03-21 04:00:00,1977.64,1988.63,1977.2,1982.85,0.009688434314482514
2025-03-21 05:00:00,1982.85,1982.85,1967.17,1973.56,0.011668700158072755
2025-03-21 06:00:00,1973.56,1978.01,1966.88,1972.78,0.014281570520039717
2025-03-21 07:00:00,1972.78,1976.84,1964.81,1976.0,0.011985959650155373
2025-03-21 08:00:00,1976.0,1981.37,1963.58,1974.12,0.013103539186140623
2025-03-21 09:00:00,1974.12,1978.67,1966.71,1968.5,0.012260597509478981
2025-03-21 10:00:00,1968.5,1972.14,1956.0,1966.89,0.012688212799460455
2025-03-21 11:00:00,1966.89,1967.85,1960.81,1966.12,0.01285517661099138
2025-03-21 12:00:00,1966.12,1973.05,1935.04,1944.98,0.013389900811673162
2025-03-21 13:00:00,1944.98,1954.96,1936.0,1951.44,0.01190114911274254
2025-03-21 14:00:00,1951.44,1954.37,1937.35,1953.64,0.010129636529570791
2025-03-21 15:00:00,1953.64,1957.55,1945.21,1949.5,0.009517722241998193
2025-03-21 16:00:00,1949.5,1967.0,1945.21,1965.45,0.008565443292508109
2025-03-21 17:00:00,1965.45,1971.67,1960.08,1967.99,0.004583165423096052
2025-03-21 18:00:00,1967.99,1976.02,1961.99,1969.1,0.0076652735410639595
2025-03-21 19:00:00,1969.1,1976.62,1966.56,1972.8,0.0072393672509023016
2025-03-21 20:00:00,1972.8,1977.62,1971.99,1973.65,0.008209214577109363
2025-03-21 21:00:00,1973.65,1982.48,1970.36,1973.03,0.008565365975984313
2025-03-21 22:00:00,1973.03,1973.35,1961.36,1965.38,0.00958953419928629
2025-03-21 23:00:00,1965.38,1970.1,1963.36,1964.82,0.010275666965131174
2025-03-22 00:00:00,1964.82,1982.22,1963.62,1979.8,0.01112021735395257
2025-03-22 01:00:00,1979.8,1986.58,1972.46,1973.8,0.012759823160508018
2025-03-22 02:00:00,1973.8,1984.94,1972.64,1981.56,0.01112251136894456
2025-03-22 03:00:00,1981.56,1985.9,1975.96,1985.0,0.008460025972356566
2025-03-22 04:00:00,1985.0,1990.0,1984.47,1988.03,0.010526828277024877
2025-03-22 05:00:00,1988.03,1988.29,1982.84,1986.56,0.008431270664413232
2025-03-22 06:00:00,1986.56,1992.38,1984.59,1986.81,0.009436963510137468
2025-03-22 07:00:00,1986.81,1989.58,1982.42,1983.18,0.009191148215751717
2025-03-22 08:00:00,1983.18,1989.18,1980.57,1987.29,0.010294757731428624
2025-03-22 09:00:00,1987.29,2005.56,1987.26,1992.99,0.010368838610778417
2025-03-22 10:00:00,1992.99,1998.94,1992.21,1995.13,0.010977916196036186
2025-03-22 11:00:00,1995.13,1996.14,1986.47,1989.35,0.00913901140970314
2025-03-22 12:00:00,1989.35,1995.69,1987.18,1994.38,0.010232630917605665
2025-03-22 13:00:00,1994.38,1996.64,1984.16,1989.39,0.00947893652024076
2025-03-22 14:00:00,1989.39,1991.94,1982.55,1983.73,0.009871886302281554
2025-03-22 15:00:00,1983.73,1987.35,1980.3,1985.42,0.007907751069988837
2025-03-22 16:00:00,1985.42,1988.94,1981.68,1984.44,0.009570696143040475
2025-03-22 17:00:00,1984.44,1993.42,1984.44,1991.72,0.00959202437742156
2025-03-22 18:00:00,1991.72,1999.57,1990.07,1994.4,0.009820063046596888
2025-03-22 19:00:00,1994.4,1997.45,1992.37,1995.02,0.009957130388112419
2025-03-22 20:00:00,1995.02,2003.41,1992.21,1992.4,0.0082458374302291
2025-03-22 21:00:00,1992.4,1994.11,1983.0,1985.2,0.007945782490692657
2025-03-22 22:00:00,1985.2,1989.25,1982.85,1984.28,0.007758398616934971
2025-03-22 23:00:00,1984.28,1984.89,1973.99,1979.84,0.010725287494405824
2025-03-23 00:00:00,1979.84,1985.83,1975.7,1984.5,0.010803925545270578
2025-03-23 01:00:00,1984.5,1998.18,1983.75,1997.18,0.010014338961172061
2025-03-23 02:00:00,1997.18,2002.31,1992.42,2000.84,0.009307483694214703
2025-03-23 03:00:00,2000.84,2007.66,1995.6,2007.54,0.00813015361314475
2025-03-23 04:00:00,2007.54,2008.04,1997.79,1999.14,0.006679930449005024
2025-03-23 05:00:00,1999.14,2000.32,1991.57,1998.85,0.006555180637414035
2025-03-23 06:00:00,1998.85,2004.67,1996.51,2001.83,0.007232141515892586
2025-03-23 07:00:00,2001.83,2019.52,2000.51,2007.25,0.008354208838150242
2025-03-23 08:00:00,2007.25,2015.3,2004.72,2008.8,0.008913165933236671
2025-03-23 09:00:00,2008.8,2015.0,2008.8,2013.22,0.007624524078993757
2025-03-23 10:00:00,2013.22,2019.98,2010.8,2012.41,0.007934275362752943
2025-03-23 11:00:00,2012.41,2019.19,2001.9,2006.97,0.008462434234118132
2025-03-23 12:00:00,2006.97,2012.51,2005.32,2008.12,0.006132388234073904
2025-03-23 13:00:00,2008.12,2018.97,2003.77,2017.55,0.007384450988593004
2025-03-23 14:00:00,2017.55,2019.3,2001.3,2003.41,0.009001037887882105
2025-03-23 15:00:00,2003.41,2011.0,2002.5,2006.22,0.008953691533024447
2025-03-23 16:00:00,2006.22,2007.03,1995.11,1996.3,0.007902413657606935
2025-03-23 17:00:00,1996.3,2001.88,1986.52,1992.01,0.010441305390988712
2025-03-23 18:00:00,1992.01,1998.47,1989.55,1996.24,0.009338635942573092
2025-03-23 19:00:00,1996.24,1997.27,1992.05,1995.4,0.012377697105982055
2025-03-23 20:00:00,1995.4,1999.62,1991.09,1991.52,0.01237239156503044
2025-03-23 21:00:00,1991.52,1995.68,1985.03,1993.99,0.010170896509779167
2025-03-23 22:00:00,1993.99,1997.42,1979.78,1986.56,0.010536368257903203
2025-03-23 23:00:00,1986.56,2005.67,1986.49,2005.0,0.01233346446248499
2025-03-24 00:00:00,2005.0,2020.58,1996.0,1997.71,0.011255855736351844
2025-03-24 01:00:00,1997.71,1997.8,1976.75,1979.59,0.012066811084607115
2025-03-24 02:00:00,1979.59,1992.3,1977.63,1991.2,0.009815592278268314
2025-03-24 03:00:00,1991.2,2016.47,1989.0,2013.49,0.011472547704498133
2025-03-24 04:00:00,2013.49,2043.16,2013.49,2039.55,0.015198277203949097
2025-03-24 05:00:00,2039.55,2053.74,2038.25,2047.96,0.011901721569071216
2025-03-24 06:00:00,2047.96,2075.01,2047.96,2065.64,0.009461609688442313
2025-03-24 07:00:00,2065.64,2079.36,2064.8,2068.34,0.010357740368124854
2025-03-24 08:00:00,2068.34,2095.45,2068.12,2089.61,0.011284261229465178
2025-03-24 09:00:00,2089.61,2094.4,2084.21,2093.4,0.009958935053861457
2025-03-24 10:00:00,2093.4,2098.36,2087.5,2093.28,0.009687037716572955
2025-03-24 11:00:00,2093.28,2103.3,2086.45,2091.68,0.00918845295825391
2025-03-24 12:00:00,2091.68,2093.89,2077.5,2082.52,0.00861509223668954
2025-03-24 13:00:00,2082.52,2086.43,2072.41,2081.06,0.009114994705243762
2025-03-24 14:00:00,2081.06,2101.75,2076.27,2079.88,0.011374367067106825
2025-03-24 15:00:00,2079.88,2089.88,2074.56,2088.79,0.01375750803415812
2025-03-24 16:00:00,2088.79,2091.89,2066.38,2078.22,0.012145469194392482
2025-03-24 17:00:00,2078.22,2091.56,2076.07,2087.46,0.01206447418009315
2025-03-24 18:00:00,2087.46,2100.6,2080.75,2096.28,0.00995646621589961
2025-03-24 19:00:00,2096.28,2096.94,2084.22,2087.72,0.012607499125075998
2025-03-24 20:00:00,2087.72,2094.54,2081.75,2084.5,0.01120866797510287
2025-03-24 21:00:00,2084.5,2091.3,2079.29,2082.21,0.010224845749230828
2025-03-24 22:00:00,2082.21,2086.05,2074.72,2076.34,0.009875481162456875
2025-03-24 23:00:00,2076.34,2083.62,2067.5,2080.4,0.011333330270372232
2025-03-25 00:00:00,2080.4,2097.0,2076.4,2085.51,0.010114386473667277
2025-03-25 01:00:00,2085.51,2085.51,2055.02,2064.01,0.009934697206994981
2025-03-25 02:00:00,2064.01,2069.28,2061.15,2062.06,0.008303861077690705
2025-03-25 03:00:00,2062.06,2064.58,2040.5,2042.27,0.008342935851623726
2025-03-25 04:00:00,2042.27,2049.75,2036.05,2045.0,0.012665413179362872
2025-03-25 05:00:00,2045.0,2050.93,2040.0,2047.4,0.011238070296465315
2025-03-25 06:00:00,2047.4,2059.2,2045.92,2054.6,0.01114921318101245
2025-03-25 07:00:00,2054.6,2066.69,2049.73,2054.81,0.011215283394664221
2025-03-25 08:00:00,2054.81,2062.68,2052.69,2060.06,0.009927444396222403
2025-03-25 09:00:00,2060.06,2073.38,2056.18,2069.11,0.011059968791835727
2025-03-25 10:00:00,2069.11,2074.3,2061.66,2069.59,0.011011990429358576
2025-03-25 11:00:00,2069.59,2072.65,2064.36,2067.37,0.010887639399581678
2025-03-25 12:00:00,2067.37,2069.0,2055.06,2058.66,0.011425500264746872
2025-03-25 13:00:00,2058.66,2079.0,2051.06,2060.48,0.011632389414328063
2025-03-25 14:00:00,2060.48,2078.93,2052.87,2075.39,0.012327661059217903
2025-03-25 15:00:00,2075.39,2078.8,2063.8,2066.45,0.01409518326358943
2025-03-25 16:00:00,2066.45,2074.3,2058.69,2067.52,0.013737587440615942
2025-03-25 17:00:00,2067.52,2082.92,2067.52,2075.48,0.011904461189173352
2025-03-25 18:00:00,2075.48,2075.94,2055.55,2061.49,0.011978255867813058
2025-03-25 19:00:00,2061.49,2077.9,2061.49,2074.8,0.012557452518464423
2025-03-25 20:00:00,2074.8,2082.5,2062.55,2063.79,0.012055459807179205
2025-03-25 21:00:00,2063.79,2075.95,2061.92,2062.56,0.013433439486592457
2025-03-25 22:00:00,2062.56,2066.85,2052.77,2061.76,0.011201926482924842
2025-03-25 23:00:00,2061.76,2068.95,2056.2,2065.22,0.013722146109910707
2025-03-26 00:00:00,2065.22,2075.91,2060.05,2070.81,0.013464613949557362
2025-03-26 01:00:00,2070.81,2077.81,2065.53,2072.99,0.013561900821048953
2025-03-26 02:00:00,2072.99,2073.78,2045.53,2047.65,0.011988414858655915
2025-03-26 03:00:00,2047.65,2054.24,2041.42,2047.93,0.011038064009853549
2025-03-26 04:00:00,2047.93,2055.88,2046.65,2051.66,0.011506097179367725
2025-03-26 05:00:00,2051.66,2068.77,2048.5,2058.09,0.01365955641318587
2025-03-26 06:00:00,2058.09,2068.31,2055.82,2066.31,0.012772164313424858
2025-03-26 07:00:00,2066.31,2070.63,2062.24,2068.34,0.011664932706618565
2025-03-26 08:00:00,2068.34,2071.5,2061.03,2062.94,0.011844709866004336
2025-03-26 09:00:00,2062.94,2064.72,2056.89,2061.92,0.010219191969123161
2025-03-26 10:00:00,2061.92,2074.85,2061.55,2072.2,0.009091734536450754
2025-03-26 11:00:00,2072.2,2074.0,2065.6,2067.5,0.011180102793670191
2025-03-26 12:00:00,2067.5,2069.5,2057.91,2063.54,0.011298152888866885
2025-03-26 13:00:00,2063.54,2063.54,2026.1,2027.57,0.009150607590803087
2025-03-26 14:00:00,2027.57,2036.72,2005.44,2016.9,0.009618109282669294
2025-03-26 15:00:00,2016.9,2020.0,2007.11,2011.73,0.011251056098445612
2025-03-26 16:00:00,2011.73,2020.96,2006.0,2013.3,0.013186803584722228
2025-03-26 17:00:00,2013.3,2016.0,2001.5,2005.56,0.009772503622291066
2025-03-26 18:00:00,2005.56,2012.51,1990.82,1993.95,0.01090940653006995
2025-03-26 19:00:00,1993.95,2004.44,1980.54,1999.25,0.011285343617543466
2025-03-26 20:00:00,1999.25,2016.53,1998.23,2009.74,0.010475642967106673
2025-03-26 21:00:00,2009.74,2011.0,1991.31,2007.27,0.007053042014054681
2025-03-26 22:00:00,2007.27,2008.4,1994.18,1999.0,0.00642095113518406
2025-03-26 23:00:00,1999.0,2009.64,1995.79,2008.69,0.008794493403580357
2025-03-27 00:00:00,2008.69,2017.3,2006.23,2017.0,0.009554233378155853
2025-03-27 01:00:00,2017.0,2024.7,2016.42,2019.23,0.010819078298304372
2025-03-27 02:00:00,2019.23,2036.34,2018.5,2029.61,0.010379776384666244
2025-03-27 03:00:00,2029.61,2036.1,2027.32,2030.42,0.009656794870609223
2025-03-27 04:00:00,2030.42,2032.0,2024.08,2029.96,0.009247947763049264
2025-03-27 05:00:00,2029.96,2029.97,2020.21,2021.94,0.00768168527014324
2025-03-27 06:00:00,2021.94,2029.49,2021.33,2023.7,0.008119600936005162
2025-03-27 07:00:00,2023.7,2027.34,2021.2,2025.69,0.008930001007056907
2025-03-27 08:00:00,2025.69,2028.91,2017.25,2024.75,0.012763394809343326
2025-03-27 09:00:00,2024.75,2031.81,2019.14,2027.7,0.011290358173047826
2025-03-27 10:00:00,2027.7,2034.95,2020.24,2023.96,0.010505082239595093
2025-03-27 11:00:00,2023.96,2029.31,2011.22,2015.29,0.011053942519727524
2025-03-27 12:00:00,2015.29,2024.33,2012.5,2017.12,0.010201049040819591
2025-03-27 13:00:00,2017.12,2021.04,1986.0,2002.04,0.011633125488348066
2025-03-27 14:00:00,2002.04,2024.98,1995.4,2024.68,0.012799297127914255
2025-03-27 15:00:00,2024.68,2025.17,1999.07,2004.65,0.011696498455046602
2025-03-27 16:00:00,2004.65,2014.21,1999.49,1999.91,0.013250273039590825
2025-03-27 17:00:00,1999.91,2007.7,1992.48,1999.2,0.008156457327101501
2025-03-27 18:00:00,1999.2,2013.7,1998.45,2008.43,0.013564350724933897
2025-03-27 19:00:00,2008.43,2013.44,2002.2,2003.13,0.010094579085451812
2025-03-27 20:00:00,2003.13,2010.51,1999.6,2006.61,0.00923362146955159
2025-03-27 21:00:00,2006.61,2019.91,2002.63,2017.3,0.00941813533206605
2025-03-27 22:00:00,2017.3,2018.04,2005.67,2006.93,0.010692944651938388
2025-03-27 23:00:00,2006.93,2007.5,1998.42,2002.9,0.008277851862775586
2025-03-28 00:00:00,2002.9,2006.37,1991.1,2004.17,0.008011095774388206
2025-03-28 01:00:00,2004.17,2014.56,1993.91,2008.23,0.010991597586208142
2025-03-28 02:00:00,2008.23,2015.0,2004.1,2007.19,0.011415172728342781
2025-03-28 03:00:00,2007.19,2007.92,1994.56,1999.02,0.010212930812824048
2025-03-28 04:00:00,1999.02,2003.83,1899.63,1936.32,0.009073312267897243
2025-03-28 05:00:00,1936.32,1936.32,1908.57,1914.3,0.009848589064384506
2025-03-28 06:00:00,1914.3,1927.33,1910.52,1914.32,0.012512897964266998
2025-03-28 07:00:00,1914.32,1919.98,1902.63,1909.05,0.006186440475148699
2025-03-28 08:00:00,1909.05,1917.0,1903.59,1906.43,0.004051379883850945
2025-03-28 09:00:00,1906.43,1915.0,1901.57,1908.01,0.005643782042333342
2025-03-28 10:00:00,1908.01,1914.81,1904.85,1908.73,0.006836925414924657
2025-03-28 11:00:00,1908.73,1923.37,1862.48,1899.76,0.005308238430604918
2025-03-28 13:00:00,1883.11,1901.5,1878.85,1885.71,0.006244425593868069
2025-03-28 14:00:00,1885.71,1893.64,1875.4,1887.17,0.004926657579475402
2025-03-28 15:00:00,1887.17,1887.86,1870.55,1871.45,0.00651471806337492
2025-03-28 16:00:00,1871.45,1877.92,1861.21,1869.16,0.008587832317711925
2025-03-28 17:00:00,1869.16,1883.88,1865.0,1883.18,0.00686270366345742
2025-03-28 18:00:00,1883.18,1886.57,1872.08,1878.55,0.010700617695023465
2025-03-28 19:00:00,1878.55,1882.94,1869.41,1873.43,0.008386848959980415
2025-03-28 20:00:00,1873.43,1890.58,1872.76,1876.53,0.004635888381034881
2025-03-28 21:00:00,1876.53,1887.95,1872.99,1885.0,0.004102257835095379
2025-03-28 22:00:00,1885.0,1901.0,1884.56,1900.38,0.0047680179456087175
2025-03-28 23:00:00,1900.38,1901.02,1891.25,1896.02,0.004958380862987956
2025-03-29 00:00:00,1896.02,1911.69,1893.57,1902.49,0.004173050092923536
2025-03-29 01:00:00,1902.49,1912.82,1900.63,1909.39,0.0028699018633684082
2025-03-29 02:00:00,1909.39,1911.99,1893.13,1894.58,0.002982559591044711
2025-03-29 03:00:00,1894.58,1904.99,1885.18,1898.95,0.001555924997047639
2025-03-29 04:00:00,1898.95,1904.0,1890.05,1893.97,0.0009677097997864694
2025-03-29 05:00:00,1893.97,1895.0,1883.19,1887.47,0.004680871920830397
2025-03-29 06:00:00,1887.47,1887.71,1876.0,1881.65,0.01015695114522819
2025-03-29 07:00:00,1881.65,1884.29,1874.23,1879.53,0.012430053523122188
2025-03-29 08:00:00,1879.53,1885.0,1876.69,1883.84,0.012286701019832067
2025-03-29 09:00:00,1883.84,1886.76,1857.03,1876.3,0.01202831288399414
2025-03-29 10:00:00,1876.3,1879.5,1863.0,1867.81,0.01068313934230043
2025-03-29 11:00:00,1867.81,1874.0,1832.59,1843.65,0.008762205440866276
2025-03-29 12:00:00,1843.65,1856.56,1841.13,1850.81,0.010460817919030266
2025-03-29 13:00:00,1850.81,1862.78,1850.61,1857.8,0.011082735788955588
2025-03-29 14:00:00,1857.8,1858.62,1843.9,1844.5,0.005962842829494252
2025-03-29 15:00:00,1844.5,1848.31,1832.73,1838.6,0.0059828506771557955
2025-03-29 16:00:00,1838.6,1847.01,1812.14,1821.27,0.006795796193707479
2025-03-29 17:00:00,1821.27,1830.4,1796.22,1816.95,0.009071758706022106
2025-03-29 18:00:00,1816.95,1827.42,1807.85,1817.33,0.007412967582072688
2025-03-29 19:00:00,1817.33,1827.57,1810.89,1826.77,0.007720057821375627
2025-03-29 20:00:00,1826.77,1827.28,1811.36,1816.67,0.005409076707643827
2025-03-29 21:00:00,1816.67,1824.47,1813.11,1816.66,0.007291216440438178
2025-03-29 22:00:00,1816.66,1819.32,1811.0,1816.59,0.006991407874775889
2025-03-29 23:00:00,1816.59,1829.5,1813.41,1827.06,0.00869288603284926
2025-03-30 00:00:00,1827.06,1829.6,1811.77,1825.71,0.007568118008605492
2025-03-30 01:00:00,1825.71,1841.65,1824.65,1833.91,0.004500088883987476
2025-03-30 02:00:00,1833.91,1843.36,1833.1,1837.58,0.004586615368820367
2025-03-30 03:00:00,1837.58,1843.5,1831.25,1833.96,0.004733500235094107
2025-03-30 04:00:00,1833.96,1845.78,1833.0,1841.71,0.005553932044035428
2025-03-30 05:00:00,1841.71,1844.2,1834.1,1837.19,0.006232181015981854
2025-03-30 06:00:00,1837.19,1842.32,1831.55,1838.4,0.005637764568904674
2025-03-30 07:00:00,1838.4,1843.44,1835.48,1836.69,0.006238519301457724
2025-03-30 08:00:00,1836.69,1848.33,1836.54,1845.99,0.007781949294205691
2025-03-30 09:00:00,1845.99,1846.5,1840.46,1842.4,0.007886651271910222
2025-03-30 10:00:00,1842.4,1845.0,1825.31,1828.98,0.009816564722082487
2025-03-30 11:00:00,1828.98,1840.85,1828.48,1832.49,0.014157631108057943
2025-03-30 12:00:00,1832.49,1839.11,1828.69,1833.15,0.015344237652936129
2025-03-30 13:00:00,1833.15,1834.88,1788.26,1805.67,0.017758816839334335
2025-03-30 14:00:00,1805.67,1818.73,1802.73,1812.71,0.016342795232772028
2025-03-30 15:00:00,1812.71,1826.03,1811.5,1812.81,0.015117515365826534
2025-03-30 16:00:00,1812.81,1816.41,1784.04,1794.69,0.014328532101658086
2025-03-30 17:00:00,1794.69,1807.81,1786.0,1804.16,0.01599227424727173
2025-03-30 18:00:00,1804.16,1824.97,1804.15,1824.05,0.016800279168323433
2025-03-30 19:00:00,1824.05,1833.68,1812.0,1813.37,0.01651133074131652
2025-03-30 20:00:00,1813.37,1817.35,1808.11,1814.1,0.015271570001913209
2025-03-30 21:00:00,1814.1,1820.84,1800.16,1805.17,0.01689882247316574
2025-03-30 22:00:00,1805.17,1816.28,1766.39,1804.17,0.023178582061988938
2025-03-30 23:00:00,1804.17,1806.64,1791.74,1806.64,0.018989768198792244
2025-03-31 00:00:00,1806.64,1812.45,1775.96,1785.31,0.023041907414690446
2025-03-31 01:00:00,1785.31,1819.77,1782.58,1813.05,0.018620332718926342
2025-03-31 02:00:00,1813.05,1822.59,1803.38,1811.16,0.018828245302303037
2025-03-31 03:00:00,1811.16,1816.5,1794.74,1797.79,0.021350507336157454
2025-03-31 04:00:00,1797.79,1808.58,1792.0,1804.0,0.02001265155400168
2025-03-31 05:00:00,1804.0,1812.72,1801.52,1808.43,0.02247789456231119
2025-03-31 06:00:00,1808.43,1811.1,1798.42,1803.23,0.022315277773133944
2025-03-31 07:00:00,1803.23,1809.74,1788.12,1797.92,0.019738603494786733
2025-03-31 08:00:00,1797.92,1807.58,1793.25,1794.27,0.0210562468936396
2025-03-31 09:00:00,1794.27,1799.86,1780.31,1785.32,0.021294837845592208
2025-03-31 10:00:00,1785.32,1809.67,1776.71,1802.48,0.021269145822607777
2025-03-31 11:00:00,1802.48,1818.85,1798.16,1812.79,0.019835034729003637
2025-03-31 12:00:00,1812.79,1845.01,1808.31,1833.5,0.02074230492474588
2025-03-31 13:00:00,1833.5,1836.68,1792.23,1817.57,0.01880736044278471
2025-03-31 14:00:00,1817.57,1846.07,1817.29,1838.83,0.019709475826140653
2025-03-31 15:00:00,1838.83,1853.47,1837.32,1841.37,0.019414902031412766
2025-03-31 16:00:00,1841.37,1846.31,1833.45,1839.41,0.023112370209357514
2025-03-31 17:00:00,1839.41,1845.94,1816.25,1824.58,0.019392370699927036
2025-03-31 18:00:00,1824.58,1846.72,1824.58,1839.05,0.0202673054696448
2025-03-31 19:00:00,1839.05,1844.9,1823.18,1826.55,0.021031558828482896
2025-03-31 20:00:00,1826.55,1834.01,1817.71,1818.84,0.0243507078452704
2025-03-31 21:00:00,1818.84,1828.83,1818.29,1823.61,0.020931089441463196
2025-03-31 22:00:00,1823.61,1824.31,1815.3,1823.95,0.025332611702186113
2025-03-31 23:00:00,1823.95,1831.46,1819.23,1821.6,0.025150910384200986
2025-04-01 00:00:00,1821.6,1842.9,1816.88,1830.94,0.023265178354486247
2025-04-01 01:00:00,1830.94,1832.34,1820.02,1825.51,0.02282902861631455
2025-04-01 02:00:00,1825.51,1838.8,1823.39,1838.52,0.024429503313363347
2025-04-01 03:00:00,1838.52,1840.4,1832.35,1834.0,0.02177364789230239
2025-04-01 04:00:00,1834.0,1839.58,1831.23,1837.11,0.023588999562932325
2025-04-01 05:00:00,1837.11,1849.43,1836.0,1840.74,0.018903895208065073
2025-04-01 06:00:00,1840.74,1866.49,1838.6,1856.8,0.0219332751990331
2025-04-01 07:00:00,1856.8,1862.15,1851.68,1853.22,0.018988263848209334
2025-04-01 08:00:00,1853.22,1891.75,1853.22,1883.42,0.019607478711268198
2025-04-01 09:00:00,1883.42,1889.66,1877.3,1884.49,0.016511142076261313
2025-04-01 10:00:00,1884.49,1885.17,1871.6,1872.22,0.02016367610195188
2025-04-01 11:00:00,1872.22,1872.9,1855.54,1861.44,0.015958238537735786
2025-04-01 12:00:00,1861.44,1869.8,1858.8,1864.56,0.017682202385903383
2025-04-01 13:00:00,1864.56,1880.65,1863.04,1873.0,0.021442440843951093
2025-04-01 14:00:00,1873.0,1887.71,1841.56,1881.48,0.021452673769554946
2025-04-01 15:00:00,1881.48,1927.18,1881.48,1917.89,0.019941598165477352
2025-04-01 16:00:00,1917.89,1923.49,1906.65,1915.0,0.018154370207351122
2025-04-01 17:00:00,1915.0,1922.1,1913.0,1914.55,0.016859247206278842
2025-04-01 18:00:00,1914.55,1914.99,1900.53,1907.49,0.010851848627844121
2025-04-01 19:00:00,1907.49,1910.51,1902.0,1909.1,0.013231589872672972
2025-04-01 20:00:00,1909.1,1914.99,1895.89,1911.89,0.014226915469959812
2025-04-01 21:00:00,1911.89,1922.5,1908.07,1913.72,0.015312857004057625
2025-04-01 22:00:00,1913.72,1919.14,1910.12,1911.0,0.013182005186441623
2025-04-01 23:00:00,1911.0,1914.16,1903.86,1904.21,0.012254099324222662
2025-04-02 00:00:00,1904.21,1907.83,1886.04,1888.7,0.012364513372345596
2025-04-02 01:00:00,1888.7,1895.89,1882.02,1891.72,0.012898972750229967
2025-04-02 02:00:00,1891.72,1892.29,1871.31,1877.57,0.013675099968228995
2025-04-02 03:00:00,1877.57,1886.28,1874.55,1875.4,0.016120683431193224
2025-04-02 04:00:00,1875.4,1882.31,1874.79,1878.13,0.012340055449144778
2025-04-02 05:00:00,1878.13,1878.43,1853.57,1854.88,0.01696115272658797
2025-04-02 06:00:00,1854.88,1861.76,1850.86,1852.83,0.020673162168948326
2025-04-02 07:00:00,1852.83,1865.72,1851.34,1863.96,0.014138879122523582
2025-04-02 08:00:00,1863.96,1875.3,1861.61,1866.91,0.020837386454691565
2025-04-02 09:00:00,1866.91,1887.34,1865.38,1878.43,0.015416760187348517
2025-04-02 10:00:00,1878.43,1886.71,1870.31,1871.92,0.0159220501780927
2025-04-02 11:00:00,1871.92,1877.62,1867.33,1867.94,0.016924916521365692
2025-04-02 12:00:00,1867.94,1872.43,1857.28,1871.16,0.013143032111093
2025-04-02 13:00:00,1871.16,1892.94,1853.14,1870.61,0.015181033191889862
2025-04-02 14:00:00,1870.61,1880.6,1856.67,1874.67,0.020004207010469562
2025-04-02 15:00:00,1874.67,1918.0,1873.17,1900.05,0.014082723023214755
2025-04-02 16:00:00,1900.05,1909.22,1894.36,1901.98,0.02015498178160384
2025-04-02 17:00:00,1901.98,1912.88,1881.43,1891.66,0.018345402777913994
2025-04-02 18:00:00,1891.66,1903.59,1887.29,1897.08,0.012100687231996253
2025-04-02 19:00:00,1897.08,1915.0,1892.2,1910.52,0.013777026570786007
2025-04-02 20:00:00,1910.52,1956.2,1865.02,1880.05,0.017926947478874557
2025-04-02 21:00:00,1880.05,1883.76,1853.93,1866.41,0.015963042562422272
2025-04-02 22:00:00,1866.41,1866.41,1788.2,1797.01,0.01180003212629626
2025-04-02 23:00:00,1797.01,1801.7,1780.87,1794.26,0.018979450835601007
2025-04-03 00:00:00,1794.26,1827.1,1788.15,1819.6,0.026250929793651373
2025-04-03 01:00:00,1819.6,1834.11,1813.38,1825.37,0.018181459726377285
2025-04-03 02:00:00,1825.37,1831.88,1817.4,1829.51,0.014970081823129222
2025-04-03 03:00:00,1829.51,1829.88,1818.35,1823.76,0.01888810781006259
2025-04-03 04:00:00,1823.76,1844.8,1821.94,1834.83,0.019920843695866396
2025-04-03 05:00:00,1834.83,1839.6,1820.4,1821.01,0.020613208852280566
2025-04-03 06:00:00,1821.01,1827.0,1813.05,1816.62,0.020984174275061853
2025-04-03 07:00:00,1816.62,1821.47,1805.97,1814.51,0.020258392264197345
2025-04-03 08:00:00,1814.51,1823.49,1813.83,1820.79,0.020633512042308406
2025-04-03 09:00:00,1820.79,1822.27,1808.29,1810.49,0.021281847343822036
2025-04-03 10:00:00,1810.49,1816.74,1789.3,1792.38,0.02153586214044615
2025-04-03 11:00:00,1792.38,1801.79,1786.15,1794.41,0.020401666760013742
2025-04-03 12:00:00,1794.41,1799.78,1747.65,1758.67,0.020658008956834287
2025-04-03 13:00:00,1758.67,1791.31,1755.41,1783.06,0.020244744882987043
2025-04-03 14:00:00,1783.06,1783.99,1750.41,1757.15,0.01835064681428956
2025-04-03 15:00:00,1757.15,1781.84,1754.29,1781.41,0.01826921657639212
2025-04-03 16:00:00,1781.41,1790.1,1770.01,1772.52,0.018751837271122684
2025-04-03 17:00:00,1772.52,1782.04,1766.66,1775.35,0.019909691288090454
2025-04-03 18:00:00,1775.35,1798.39,1769.5,1787.58,0.01860339622214031
2025-04-03 19:00:00,1787.58,1794.45,1781.9,1785.98,0.0201351702616829
2025-04-03 20:00:00,1785.98,1802.51,1778.58,1798.16,0.01977021633806297
2025-04-03 21:00:00,1798.16,1817.85,1795.22,1811.49,0.020453570481750404
2025-04-03 22:00:00,1811.49,1815.6,1804.89,1810.3,0.020606536542322706
2025-04-03 23:00:00,1810.3,1821.28,1802.36,1816.16,0.01910813562388002
2025-04-04 00:00:00,1816.16,1822.38,1807.85,1810.0,0.019150475197333358
2025-04-04 01:00:00,1810.0,1817.39,1770.3,1781.57,0.017789043375171135
2025-04-04 02:00:00,1781.57,1802.78,1781.57,1788.2,0.018120176870976168
2025-04-04 03:00:00,1788.2,1795.87,1781.64,1792.13,0.020097222667538262
2025-04-04 04:00:00,1792.13,1793.11,1783.08,1787.06,0.022078481428394386
2025-04-04 05:00:00,1787.06,1805.49,1783.24,1805.17,0.022230476122027488
2025-04-04 06:00:00,1805.17,1807.58,1798.5,1799.2,0.021717215470922452
2025-04-04 07:00:00,1799.2,1820.8,1798.93,1816.82,0.022580790191506904
2025-04-04 08:00:00,1816.82,1834.6,1813.67,1827.31,0.0194353853345434
2025-04-04 09:00:00,1827.31,1832.39,1822.0,1828.5,0.020998138675115383
2025-04-04 10:00:00,1828.5,1831.29,1780.0,1782.64,0.017567104093392523
2025-04-04 11:00:00,1782.64,1786.87,1757.62,1783.16,0.01873614799987302
2025-04-04 12:00:00,1783.16,1799.18,1768.56,1787.99,0.0191343468435523
2025-04-04 13:00:00,1787.99,1808.45,1771.33,1801.49,0.01978406495291564
2025-04-04 14:00:00,1801.49,1804.87,1775.0,1789.46,0.02214884123501259
2025-04-04 15:00:00,1789.46,1820.33,1786.6,1794.47,0.021615991214442038
2025-04-04 16:00:00,1794.47,1802.89,1782.04,1796.89,0.020772703664866856
2025-04-04 17:00:00,1796.89,1828.12,1787.01,1820.29,0.022891753184437202
2025-04-04 18:00:00,1820.29,1822.36,1803.6,1805.53,0.02266859929505572
2025-04-04 19:00:00,1805.53,1814.59,1801.09,1809.97,0.02110291629245436
2025-04-04 20:00:00,1809.97,1822.0,1806.43,1817.98,0.015270581793177968
2025-04-04 21:00:00,1817.98,1827.11,1812.21,1817.04,0.01817914879113889
2025-04-04 22:00:00,1817.04,1825.98,1815.15,1818.41,0.017078770960905897
2025-04-04 23:00:00,1818.41,1818.93,1808.79,1815.97,0.017372768351003896
2025-04-05 00:00:00,1815.97,1824.19,1811.54,1821.94,0.015305800559458802
2025-04-05 01:00:00,1821.94,1826.5,1818.29,1818.6,0.015219361801575161
2025-04-05 02:00:00,1818.6,1820.62,1812.12,1814.97,0.014861204941355611
2025-04-05 03:00:00,1814.97,1815.64,1808.29,1809.1,0.014342019106552405
2025-04-05 04:00:00,1809.1,1815.0,1806.43,1807.41,0.016079566627225605
2025-04-05 05:00:00,1807.41,1814.54,1806.02,1809.14,0.016309712839319687
2025-04-05 06:00:00,1809.14,1812.89,1803.3,1808.67,0.016876306843004618
2025-04-05 07:00:00,1808.67,1813.84,1806.22,1812.21,0.02015548784899136
2025-04-05 08:00:00,1812.21,1814.4,1809.18,1813.0,0.014931896386661894
2025-04-05 09:00:00,1813.0,1821.27,1812.96,1819.86,0.018533889498583745
2025-04-05 10:00:00,1819.86,1820.49,1815.38,1817.26,0.019781299562952843
2025-04-05 11:00:00,1817.26,1818.5,1805.8,1806.79,0.015609315646677667
2025-04-05 12:00:00,1806.79,1807.61,1791.74,1796.99,0.011622578865454184
2025-04-05 13:00:00,1796.99,1797.78,1782.19,1786.18,0.01285630708202106
2025-04-05 14:00:00,1786.18,1793.93,1785.47,1789.76,0.019664109400556486
2025-04-05 15:00:00,1789.76,1789.89,1776.87,1781.1,0.019108929414981157
2025-04-05 16:00:00,1781.1,1787.5,1779.33,1783.9,0.015158730912987637
2025-04-05 17:00:00,1783.9,1789.34,1781.53,1786.58,0.014760425993084882
2025-04-05 18:00:00,1786.58,1793.69,1786.03,1792.3,0.015141294382839223
2025-04-05 19:00:00,1792.3,1794.74,1779.02,1781.32,0.013349937711759316
2025-04-05 20:00:00,1781.32,1804.39,1763.19,1789.67,0.012658724951967253
2025-04-05 22:00:00,1789.61,1796.76,1789.18,1796.46,0.013795514057898323
2025-04-05 23:00:00,1796.46,1809.3,1795.7,1805.04,0.013714101598134576
2025-04-06 00:00:00,1805.04,1812.78,1802.06,1809.6,0.014354311098156325
2025-04-06 01:00:00,1809.6,1816.3,1806.3,1809.4,0.013673414103581123
2025-04-06 02:00:00,1809.4,1812.64,1803.5,1803.51,0.012816267995822297
2025-04-06 03:00:00,1803.51,1808.88,1801.07,1808.88,0.010717048652632495
2025-04-06 04:00:00,1808.88,1810.49,1805.0,1808.83,0.013917388404904899
2025-04-06 05:00:00,1808.83,1812.55,1806.26,1810.44,0.01539578772953299
2025-04-06 06:00:00,1810.44,1811.86,1797.53,1797.69,0.0142976524446164
2025-04-06 07:00:00,1797.69,1800.76,1790.2,1797.0,0.013656457342209997
2025-04-06 08:00:00,1797.0,1797.25,1782.12,1794.41,0.01379932311588453
2025-04-06 09:00:00,1794.41,1795.65,1788.6,1790.14,0.016283304020988966
2025-04-06 10:00:00,1790.14,1791.49,1784.21,1789.24,0.01661172193988875
2025-04-06 11:00:00,1789.24,1790.25,1782.66,1788.23,0.018756650574781823
2025-04-06 12:00:00,1788.23,1791.1,1776.29,1777.19,0.015967120687793115
2025-04-06 13:00:00,1777.19,1780.12,1738.77,1747.64,0.015713892080324983
2025-04-06 14:00:00,1747.64,1769.88,1743.92,1769.04,0.014414168802911709
2025-04-06 15:00:00,1769.04,1772.81,1757.45,1759.0,0.014066517680392288
2025-04-06 16:00:00,1759.0,1759.0,1717.61,1730.92,0.0065041811898151865
2025-04-06 17:00:00,1730.92,1733.0,1668.18,1684.0,0.01180895326974395
2025-04-06 18:00:00,1684.0,1684.35,1601.01,1617.38,0.014949526151993606
2025-04-06 19:00:00,1617.38,1635.0,1608.01,1625.5,0.011507682121656006
2025-04-06 20:00:00,1625.5,1630.3,1552.54,1573.9,0.006426382874478684
2025-04-06 21:00:00,1573.9,1596.8,1570.23,1586.87,-0.014231704712413177
2025-04-06 22:00:00,1586.87,1607.44,1563.2,1576.28,0.0007627186721254462
2025-04-06 23:00:00,1576.28,1583.91,1536.11,1579.82,-0.008846206646952473
2025-04-07 00:00:00,1579.82,1585.77,1552.01,1572.05,-0.0010726173821061261
2025-04-07 01:00:00,1572.05,1613.29,1569.84,1597.73,0.00018329415603717602
2025-04-07 02:00:00,1597.73,1600.66,1572.21,1578.33,0.0005616568917930773
2025-04-07 03:00:00,1578.33,1581.83,1519.9,1543.0,-0.0019682233352742986
2025-04-07 04:00:00,1543.0,1558.39,1532.87,1547.5,-0.006749880795453741
2025-04-07 05:00:00,1547.5,1560.76,1536.36,1539.72,-0.008376419992670641
2025-04-07 06:00:00,1539.72,1552.08,1410.07,1430.4,0.0009010040525715969
2025-04-07 07:00:00,1430.4,1476.85,1430.4,1459.71,0.010580685261125194
2025-04-07 08:00:00,1459.71,1510.81,1455.0,1495.06,0.010786565616804635
2025-04-07 09:00:00,1495.06,1504.82,1476.0,1483.8,0.0038084950876331055
2025-04-07 10:00:00,1483.8,1520.49,1481.23,1490.71,0.006301257148190653
2025-04-07 11:00:00,1490.71,1503.0,1473.47,1482.0,0.01349508045830813
2025-04-07 12:00:00,1482.0,1526.0,1477.17,1520.27,0.003142895099349691
2025-04-07 13:00:00,1520.27,1557.0,1486.35,1549.52,0.00728565433243402
2025-04-07 14:00:00,1549.52,1638.45,1538.22,1569.25,0.005457288894093503
2025-04-07 15:00:00,1569.25,1576.79,1532.57,1555.54,0.01203153460833048
2025-04-07 16:00:00,1555.54,1556.79,1525.22,1528.48,0.013213307606367249
2025-04-07 17:00:00,1528.48,1572.27,1528.36,1565.16,0.011818166464227975
2025-04-07 18:00:00,1565.16,1571.4,1546.0,1548.52,0.008952274463948837
2025-04-07 19:00:00,1548.52,1562.0,1541.21,1543.77,0.013920082242200683
2025-04-07 20:00:00,1543.77,1579.11,1543.77,1570.32,0.012392615724996978
2025-04-07 21:00:00,1570.32,1576.13,1554.31,1567.91,0.011967757013642664
2025-04-07 22:00:00,1567.91,1584.46,1564.73,1578.0,0.015059370706428977
2025-04-07 23:00:00,1578.0,1581.59,1550.66,1552.44,0.014149246776156634
2025-04-08 00:00:00,1552.44,1562.46,1543.32,1543.77,0.012886865964532195
2025-04-08 01:00:00,1543.77,1593.33,1540.18,1590.27,0.013207530250997227
2025-04-08 02:00:00,1590.27,1618.0,1586.1,1588.96,0.022374628026844503
2025-04-08 03:00:00,1588.96,1592.07,1578.67,1584.15,0.018909230230323804
2025-04-08 04:00:00,1584.15,1601.63,1583.01,1597.86,0.012146017604986225
2025-04-08 05:00:00,1597.86,1601.35,1581.34,1591.01,0.013530451022018945
2025-04-08 06:00:00,1591.01,1591.01,1573.48,1575.65,0.01347159397691062
2025-04-08 07:00:00,1575.65,1578.69,1560.9,1569.98,0.013694577952387592
2025-04-08 08:00:00,1569.98,1570.65,1553.44,1566.12,0.015642329174193535
2025-04-08 09:00:00,1566.12,1575.0,1563.7,1567.16,0.018780619505689638
2025-04-08 10:00:00,1567.16,1573.64,1564.39,1565.13,0.019855802115001608
2025-04-08 11:00:00,1565.13,1589.62,1564.39,1587.2,0.020556376910888043
2025-04-08 12:00:00,1587.2,1592.73,1566.76,1570.77,0.020996225255504576
2025-04-08 13:00:00,1570.77,1585.89,1549.72,1567.61,0.020768667059166347
2025-04-08 14:00:00,1567.61,1582.7,1530.0,1530.49,0.018662119069221755
2025-04-08 15:00:00,1530.49,1538.37,1517.31,1530.75,0.021895293009118952
2025-04-08 16:00:00,1530.75,1532.32,1481.36,1485.97,0.02155051905494407
2025-04-08 17:00:00,1485.97,1488.9,1453.66,1480.03,0.02227239320432901
2025-04-08 18:00:00,1480.03,1499.57,1470.82,1474.97,0.021768238114998124
2025-04-08 19:00:00,1474.97,1477.98,1454.36,1466.1,0.015593914348810993
2025-04-08 20:00:00,1466.1,1481.97,1459.37,1481.0,0.01789102396921606
2025-04-08 21:00:00,1481.0,1485.52,1463.25,1476.65,0.016272690119674214
2025-04-08 22:00:00,1476.65,1477.8,1445.54,1466.93,0.016418014635783303
2025-04-08 23:00:00,1466.93,1475.96,1461.86,1472.67,0.017645349589384556
2025-04-09 00:00:00,1472.67,1481.59,1462.97,1466.89,0.01781329473130579
2025-04-09 01:00:00,1466.89,1468.28,1384.0,1434.33,0.018773643964624432
2025-04-09 02:00:00,1434.33,1453.71,1414.44,1418.3,0.01897787400424403
2025-04-09 03:00:00,1418.3,1425.6,1406.76,1418.34,0.021913469956741455
2025-04-09 04:00:00,1418.34,1449.81,1414.09,1439.73,0.018195374775670754
2025-04-09 05:00:00,1439.73,1463.1,1438.67,1458.34,0.018705791022458056
2025-04-09 06:00:00,1458.34,1476.0,1457.2,1458.99,0.018194764733170974
2025-04-09 07:00:00,1458.99,1492.02,1457.68,1482.9,0.018238385949185067
2025-04-09 08:00:00,1482.9,1487.68,1470.29,1481.83,0.016037029792121966
2025-04-09 09:00:00,1481.83,1485.49,1470.47,1478.85,0.016354934519252254
2025-04-09 10:00:00,1478.85,1496.03,1472.29,1486.0,0.01396886591029559
2025-04-09 11:00:00,1486.0,1486.14,1444.01,1454.63,0.014569232971056844
2025-04-09 12:00:00,1454.63,1468.96,1438.9,1460.9,0.015174661262684618
2025-04-09 13:00:00,1460.9,1498.97,1454.69,1486.8,0.016218346422760356
2025-04-09 14:00:00,1486.8,1500.98,1468.99,1470.35,0.019692022058034178
2025-04-09 15:00:00,1470.35,1496.0,1468.5,1484.58,0.018400310034339836
2025-04-09 16:00:00,1484.58,1508.96,1481.19,1502.0,0.01740988541270022
2025-04-09 17:00:00,1502.0,1639.66,1485.45,1632.17,0.01876695908479473
2025-04-09 18:00:00,1632.17,1672.0,1612.54,1627.6,0.017203113292974966
2025-04-09 19:00:00,1627.6,1646.42,1622.86,1639.79,0.014673145945696325
2025-04-09 20:00:00,1639.79,1678.52,1639.79,1672.92,0.021223499445824662
2025-04-09 21:00:00,1672.92,1688.01,1660.2,1670.98,0.004857293788473738
2025-04-09 22:00:00,1670.98,1683.73,1665.47,1670.54,0.013823376387225672
2025-04-09 23:00:00,1670.54,1674.0,1655.2,1668.7,0.01508193142852695
2025-04-10 00:00:00,1668.7,1669.19,1633.73,1645.95,0.007056325645436184
2025-04-10 01:00:00,1645.95,1650.98,1628.2,1637.3,0.006843216818861986
2025-04-10 02:00:00,1637.3,1645.68,1629.51,1632.49,0.006094845104679216
2025-04-10 03:00:00,1632.49,1635.63,1601.11,1616.4,0.011530022872755766
2025-04-10 04:00:00,1616.4,1619.93,1605.0,1618.72,0.011052441420717296
2025-04-10 05:00:00,1618.72,1625.1,1613.6,1616.39,0.011129419439994168
2025-04-10 06:00:00,1616.39,1621.91,1605.76,1615.45,0.012997372684692659
2025-04-10 07:00:00,1615.45,1619.99,1582.87,1594.99,0.012270902983522408
2025-04-10 08:00:00,1594.99,1598.01,1582.5,1591.99,0.013526704740177257
2025-04-10 09:00:00,1591.99,1605.9,1585.47,1603.21,0.013448414158373818
2025-04-10 10:00:00,1603.21,1605.29,1587.0,1593.99,0.012956176963034001
2025-04-10 11:00:00,1593.99,1596.64,1580.49,1593.91,0.013760575021793993
2025-04-10 12:00:00,1593.91,1626.67,1581.21,1592.64,0.013960344592793291
2025-04-10 13:00:00,1592.64,1595.52,1559.81,1568.24,0.013590602009782501
2025-04-10 14:00:00,1568.24,1584.02,1555.5,1564.78,0.013879765100823947
2025-04-10 15:00:00,1564.78,1567.07,1482.6,1495.01,0.017203234928539556
2025-04-10 16:00:00,1495.01,1513.19,1471.79,1509.77,0.018005134297009253
2025-04-10 17:00:00,1509.77,1519.0,1486.81,1510.8,0.017180607104615764
2025-04-10 18:00:00,1510.8,1521.91,1506.63,1517.74,0.009831272161272468
2025-04-10 19:00:00,1517.74,1531.6,1510.0,1514.0,0.01985195431313988
2025-04-10 20:00:00,1514.0,1533.0,1513.63,1530.43,0.014215957670726056
2025-04-10 21:00:00,1530.43,1532.63,1518.58,1524.03,0.012834966514821307
2025-04-10 22:00:00,1524.03,1531.89,1520.14,1523.95,0.016002329834163016
2025-04-10 23:00:00,1523.95,1527.73,1513.65,1521.7,0.014651030746991056
2025-04-11 00:00:00,1521.7,1528.48,1503.85,1507.53,0.014444191556170388
2025-04-11 01:00:00,1507.53,1547.45,1506.17,1541.98,0.014855343120987224
2025-04-11 02:00:00,1541.98,1550.02,1532.57,1533.79,0.017046901855895805
2025-04-11 03:00:00,1533.79,1545.23,1533.78,1543.63,0.018976146683858428
2025-04-11 04:00:00,1543.63,1557.69,1541.89,1546.71,0.014476679857239752
2025-04-11 05:00:00,1546.71,1552.62,1540.1,1548.44,0.014893430170613146
2025-04-11 06:00:00,1548.44,1562.06,1548.44,1551.79,0.012566934024708352
2025-04-11 07:00:00,1551.79,1557.73,1545.9,1551.99,0.01565687620167991
2025-04-11 08:00:00,1551.99,1572.58,1537.0,1550.78,0.015114268764346529
2025-04-11 09:00:00,1550.78,1569.92,1543.56,1562.98,0.017172242848363002
2025-04-11 10:00:00,1562.98,1584.3,1553.17,1567.44,0.016629448807750247
2025-04-11 11:00:00,1567.44,1574.78,1554.67,1557.93,0.017660663241705968
2025-04-11 12:00:00,1557.93,1572.01,1552.26,1557.0,0.013921121705939867
2025-04-11 13:00:00,1557.0,1580.59,1549.06,1569.8,0.015381500181099834
2025-04-11 14:00:00,1569.8,1569.8,1540.49,1555.6,0.01630938707159714
2025-04-11 15:00:00,1555.6,1569.92,1552.81,1564.8,0.01742183358416771
2025-04-11 16:00:00,1564.8,1573.0,1555.01,1564.81,0.013788426472691158
2025-04-11 17:00:00,1564.81,1590.75,1562.61,1579.19,0.017750106699928735
2025-04-11 18:00:00,1579.19,1581.6,1560.12,1561.43,0.015243150162136176
2025-04-11 19:00:00,1561.43,1571.9,1561.2,1564.79,0.01640231567866072
2025-04-11 20:00:00,1564.79,1574.0,1562.02,1570.65,0.014963905010160063
2025-04-11 21:00:00,1570.65,1586.33,1564.78,1572.22,0.019089425441704173
2025-04-11 22:00:00,1572.22,1574.79,1565.0,1565.58,0.018357944668960086
2025-04-11 23:00:00,1565.58,1570.31,1556.58,1566.14,0.018424848095557108
2025-04-12 00:00:00,1566.14,1568.88,1559.96,1561.31,0.016657527816810763
2025-04-12 01:00:00,1561.31,1563.9,1551.12,1553.76,0.018627558131485634
2025-04-12 02:00:00,1553.76,1556.16,1545.06,1546.78,0.018049698167999215
2025-04-12 03:00:00,1546.78,1558.6,1545.93,1553.61,0.020050093573432813
2025-04-12 04:00:00,1553.61,1569.62,1549.56,1566.78,0.021435986707849485
2025-04-12 05:00:00,1566.78,1572.0,1563.82,1567.91,0.0200138410605207
2025-04-12 06:00:00,1567.91,1578.14,1567.91,1573.03,0.018292115126261367
2025-04-12 07:00:00,1573.03,1584.77,1570.38,1581.23,0.016073117234906
2025-04-12 08:00:00,1581.23,1605.96,1580.03,1590.96,0.017193637051970585
2025-04-12 09:00:00,1590.96,1601.3,1587.8,1596.71,0.015971295747863355
2025-04-12 10:00:00,1596.71,1596.79,1587.11,1590.99,0.015916368735676638
2025-04-12 11:00:00,1590.99,1597.6,1590.99,1593.21,0.01504485817935859
2025-04-12 12:00:00,1593.21,1615.47,1589.86,1606.37,0.01508264259271133
2025-04-12 13:00:00,1606.37,1646.2,1605.09,1637.99,0.01640429618102353
2025-04-12 14:00:00,1637.99,1669.0,1635.0,1653.15,0.0171533251784394
2025-04-12 15:00:00,1653.15,1666.57,1647.36,1655.09,0.013894219037348365
2025-04-12 16:00:00,1655.09,1661.58,1636.48,1643.12,0.012914296981272026
2025-04-12 17:00:00,1643.12,1646.39,1627.42,1633.15,0.012932597030176133
2025-04-12 18:00:00,1633.15,1654.27,1632.72,1649.92,0.014667498471988767
2025-04-12 19:00:00,1649.92,1650.69,1634.08,1641.9,0.016398957210817543
2025-04-12 20:00:00,1641.9,1659.5,1640.37,1648.55,0.017611529439954147
2025-04-12 21:00:00,1648.55,1654.26,1644.93,1646.73,0.013557584529771433
2025-04-12 22:00:00,1646.73,1655.7,1646.73,1649.46,0.015840783438826497
2025-04-12 23:00:00,1649.46,1651.52,1642.32,1643.52,0.014074457508984933
2025-04-13 00:00:00,1643.52,1648.55,1634.03,1641.29,0.014667816115019819
2025-04-13 01:00:00,1641.29,1648.99,1608.79,1616.29,0.015026002985611861
2025-04-13 02:00:00,1616.29,1627.84,1605.87,1624.8,0.016664394530148643
2025-04-13 03:00:00,1624.8,1628.92,1621.0,1623.6,0.017633492111666867
2025-04-13 04:00:00,1623.6,1623.91,1602.11,1608.28,0.01935099077440221
2025-04-13 05:00:00,1608.28,1612.95,1596.55,1608.56,0.01677693364835733
2025-04-13 06:00:00,1608.56,1622.91,1607.04,1616.16,0.01736214838902765
2025-04-13 07:00:00,1616.16,1620.79,1610.0,1612.77,0.018394207833956486
2025-04-13 08:00:00,1612.77,1621.17,1607.96,1619.7,0.017228298733710665
2025-04-13 09:00:00,1619.7,1626.9,1616.16,1626.43,0.015622596475348674
2025-04-13 10:00:00,1626.43,1627.43,1611.34,1617.06,0.016228404385732555
2025-04-13 11:00:00,1617.06,1617.9,1590.45,1603.65,0.015648008135004728
2025-04-13 12:00:00,1603.65,1608.33,1598.73,1602.37,0.01580970805398718
2025-04-13 13:00:00,1602.37,1607.21,1565.14,1573.63,0.017638733042552868
2025-04-13 14:00:00,1573.63,1588.78,1567.37,1585.34,0.018173444161931465
2025-04-13 15:00:00,1585.34,1588.02,1579.0,1586.01,0.018065960164681698
2025-04-13 16:00:00,1586.01,1601.76,1585.7,1595.01,0.01696843979244649
2025-04-13 17:00:00,1595.01,1648.76,1593.5,1636.17,0.016358635617878623
2025-04-13 18:00:00,1636.17,1646.51,1625.52,1629.08,0.01558920942536564
2025-04-13 19:00:00,1629.08,1629.41,1560.95,1589.42,0.014650804268266975
2025-04-13 20:00:00,1589.42,1616.11,1583.08,1590.25,0.015093134680413537
2025-04-13 21:00:00,1590.25,1602.33,1571.93,1593.08,0.015036293358428094
2025-04-13 22:00:00,1593.08,1599.07,1583.01,1585.33,0.01872687466903297
2025-04-13 23:00:00,1585.33,1599.58,1580.91,1596.93,0.018741700922892474
2025-04-14 00:00:00,1596.93,1633.82,1594.77,1611.11,0.017386648970889835
2025-04-14 01:00:00,1611.11,1621.76,1608.19,1616.67,0.019245101427869907
2025-04-14 02:00:00,1616.67,1659.82,1613.7,1634.99,0.0164033970208706
2025-04-14 03:00:00,1634.99,1636.99,1625.55,1629.14,0.016917120157167516
2025-04-14 04:00:00,1629.14,1641.69,1626.93,1635.99,0.0161537067966609
2025-04-14 05:00:00,1635.99,1639.65,1620.33,1623.84,0.015824194411331215
2025-04-14 06:00:00,1623.84,1627.35,1613.99,1623.11,0.01785822768844739
2025-04-14 07:00:00,1623.11,1635.54,1611.53,1635.01,0.01750137858862145
2025-04-14 08:00:00,1635.01,1637.94,1628.69,1630.0,0.019785817046681173
