timestamp,tx_hash,from,to,eth,usd,direction,tag
2025-04-08 12:24:56,0x1415f39bf7be0da6f5e5e84f8b5f30a9b0412f17fa092be228e768d763286028,0x28c6c06298d514db089934071355e5743bf21d60,0x4976a4a02f38326660d17bf34b431dc6e2eb2327,7412.02,11683344,Unknown,?
2025-04-08 12:24:56,0x48c63a457d516963e1571d5070d1f4ab928909c474930fe02b8800c0b4c3d1de,0x112c5698e6ce9ab30ad4654de9005c2481f3e333,0x28c6c06298d514db089934071355e5743bf21d60,3000.00,4728809,Unknown,?
2025-04-08 12:24:56,0x3210470ec9d82ea3857801f911a7acb8c86fd38cd7e9ef1329dcf45362fc084f,0x28c6c06298d514db089934071355e5743bf21d60,0x9696f59e4d72e237be84ffd425dcad154bf96976,4615.24,7274872,Unknown,?
2025-04-08 12:24:56,0xc14714532d3b37468b5c5b3836d77315fe4cd925813da64ad091df11ec207f1d,0x08dc8ffc2db71ea07537d1328b3be0799b604396,0x28c6c06298d514db089934071355e5743bf21d60,1450.74,2286758,Unknown,?
2025-04-08 12:24:57,0xed622a50262b073ca17458ae1a978802e884a54d578c3fe626ab761ebabc8321,0xf27e6b48403894fccb4927165dc9d2b499684a0a,0x28c6c06298d514db089934071355e5743bf21d60,1800.00,2837284,Unknown,?
2025-04-08 12:24:57,0xb0947b1ca5a648e4c64f5178600bc56a783b368a6fdfcbc505e5df4dffecf7ab,0xcde5d48fca07f9c52300d2e65632dd71ed169b90,0x28c6c06298d514db089934071355e5743bf21d60,19131.60,30156566,Unknown,?
2025-04-08 12:24:57,0x8581cb921c28b38b5427307b3b31c15b9aad7f7ae88c649a891ad55631c043ed,0x28c6c06298d514db089934071355e5743bf21d60,0x56eddb7aa87536c09ccc2793473599fd21a8b17f,4285.07,6754423,Unknown,?
2025-04-08 12:24:57,0xce3a71ee71f66f62dd5f461c94348992b333d7d49a7bf369b239b10e2d653200,0x28c6c06298d514db089934071355e5743bf21d60,0xacb7027f271b03b502d65feba617a0d817d62b8e,975.43,1537549,Unknown,?
2025-04-08 12:24:57,0x3ac77b74a51d445d746daae59d475e94887f0875c0b39d94e7fca023c0e7db9e,0xed89da9dd83a0d703991ee833969489278b260e7,0x28c6c06298d514db089934071355e5743bf21d60,2692.88,4244706,Unknown,?
2025-04-08 12:24:57,0xd9b46416a7c69348d98dde27c2dc9915a02e8c6d3f1114874c449855bd8dfdb8,0x28c6c06298d514db089934071355e5743bf21d60,0x4cb33d80b2355e9ae963be47afb6cc62d1220d00,694.96,1095444,Unknown,?
2025-04-08 12:24:57,0x490ae0e8f45898adb1554692c0276438b026faaac533530f6998c7594ddc4214,0x3112befcc5a0df1c3b2c3da7033e3a0e97c6d938,0x28c6c06298d514db089934071355e5743bf21d60,7499.99,11822004,Unknown,?
2025-04-08 12:24:58,0x8ab6bd31b59602d7d745cf74e2b5dc3a6a8d429c4a2e65df765012645644c4d6,0xeae7380dd4cef6fbd1144f49e4d1e6964258a4f4,0x28c6c06298d514db089934071355e5743bf21d60,4372.00,6891450,Unknown,?
2025-04-08 12:24:58,0x4bbdc6ec9621e0e6219bf001093823d1b90b93ca38eca507052af0d1ada723f7,0x3112befcc5a0df1c3b2c3da7033e3a0e97c6d938,0x28c6c06298d514db089934071355e5743bf21d60,2000.00,3152535,Unknown,?
2025-04-08 12:24:58,0x58b43e396da296921049843678fe060cb87056c187568732b6934765668086ef,0xe3dde4c065e2ddd2ba9c9499fb130d21ca02a44c,0x28c6c06298d514db089934071355e5743bf21d60,700.00,1103387,Unknown,?
2025-04-08 12:24:58,0xc001db3776d84709accd0b330947b6202002edb8493f3d6212739d1c0ebd3405,0x28c6c06298d514db089934071355e5743bf21d60,0x9696f59e4d72e237be84ffd425dcad154bf96976,4288.55,6759909,Unknown,?
2025-04-08 12:24:58,0xfb25b73501d521900554e08b54f463cd8dabbc5baf09f69490fdc48c2690475d,0x28c6c06298d514db089934071355e5743bf21d60,0x4976a4a02f38326660d17bf34b431dc6e2eb2327,4804.63,7573395,Unknown,?
2025-04-08 12:24:58,0x84c9a43253b205f72022281c9d36bdf505835f972f6cfddc39e273024deda9ce,0x3d5e94a07899999ddf090be3823f948b68aa8263,0x28c6c06298d514db089934071355e5743bf21d60,700.00,1103389,Unknown,?
2025-04-08 12:24:58,0x1c3ab16946699ec808236d4b4d0fc26c0392ae348772fc7b8a448e455ea9efcf,0xeae7380dd4cef6fbd1144f49e4d1e6964258a4f4,0x28c6c06298d514db089934071355e5743bf21d60,3455.00,5446011,Unknown,?
2025-04-08 12:24:58,0x3311f91e7979f6a5aecee8de516df91e0b9c0ccf4bbed7ab3f431f35b163dcca,0x28c6c06298d514db089934071355e5743bf21d60,0x21a31ee1afc51d94c2efccaa2092ad1028285549,4257.30,6710648,Unknown,?
2025-04-08 12:24:59,0xd79fa3eb2b4a6a6cae0ab1941613457db66f2a894f8c4d4eb7e326508df3cfa9,0x28c6c06298d514db089934071355e5743bf21d60,0x56eddb7aa87536c09ccc2793473599fd21a8b17f,4588.04,7231990,Unknown,?
2025-04-08 12:24:59,0x03375d2c0eae9d23ab0026994540deb2d9111784607bea534210a784012168fe,0x791631ffc94f95f5783e2c094c5c744368499c51,0x28c6c06298d514db089934071355e5743bf21d60,524.00,825965,Unknown,?
2025-04-08 12:24:59,0xa1271b9f26bd2d018bb130166d8139bccbf441bb01762584b4936b55d3560e2c,0xb31c775d8df021130462d1b555fa184cd2def614,0x28c6c06298d514db089934071355e5743bf21d60,799.99,1261005,Unknown,?
2025-04-08 12:24:59,0x6f8e8ea3f2b6e125c12093f579ef48ab2646c5fb1bb25524dde723092b8f671e,0xeae7380dd4cef6fbd1144f49e4d1e6964258a4f4,0x28c6c06298d514db089934071355e5743bf21d60,4402.00,6938739,Unknown,?
2025-04-08 12:24:59,0xeadbdf72618f92ee0e0443880abfdeda60b3e679b8850aad1ecd887f343f7ff5,0x28c6c06298d514db089934071355e5743bf21d60,0xdfd5293d8e347dfe59e90efd55b2956a1343963d,4239.14,6682031,Unknown,?
2025-04-08 12:24:59,0xccd72da5364989aef5fad222be18fca3392207288145e5ab0540cfaaf2cead43,0x28c6c06298d514db089934071355e5743bf21d60,0x21a31ee1afc51d94c2efccaa2092ad1028285549,5124.65,8077837,Unknown,?
2025-04-08 12:24:59,0xa9ef54a7cd80ef24a0ccb77eb0ec29606afcae4c7835e607cbd235e4633ac795,0xa9c61fe59b5702b1d382fd1d5e495887ff34c21d,0x28c6c06298d514db089934071355e5743bf21d60,601.87,948712,Unknown,?
2025-04-08 12:24:59,0xaa4c17f3b0ad7434d85c776a34b079401a17ce27316559513558b0be67f399de,0x28c6c06298d514db089934071355e5743bf21d60,0x51c72848c68a965f66fa7a88855f9f7784502a7f,2823.00,4449810,Unknown,?
2025-04-08 12:25:00,0xb36cb8390127f91965659943e42e5084a802da849728400ebeacb3fb917d801c,0x28c6c06298d514db089934071355e5743bf21d60,0xfa103c21ea2df71dfb92b0652f8b1d795e51cdef,1030.27,1623982,Unknown,?
2025-04-08 12:25:00,0x97bafb3e1bb5b043f7b64edaf57d5888cf92b05a4dbbfca45dc4a4212f1ac254,0x28c6c06298d514db089934071355e5743bf21d60,0x84b38bc60f3bd82640ecefa320dab2be62e2da15,1131.00,1782761,Unknown,?
2025-04-08 12:25:00,0xa8d90b0c94729fa18472f04e598a252fb39d340693146e213beadd701e11b1c0,0xadf2020603e6c4e72b147dea24c0f597564698d7,0x28c6c06298d514db089934071355e5743bf21d60,1200.00,1891524,Unknown,?
2025-04-08 12:25:04,0xbe28f90fd27f0b548a8ab24a1a9ff2294df2b7f0e31fe1370d46a490617e7daa,0xeae7380dd4cef6fbd1144f49e4d1e6964258a4f4,0x28c6c06298d514db089934071355e5743bf21d60,3974.00,6264094,Unknown,?
2025-04-08 12:25:04,0x7ee4aab84667f3c05cf7cfd8fe647f413261b64037b0daa899d09b0fd5b9cf15,0x28c6c06298d514db089934071355e5743bf21d60,0x9696f59e4d72e237be84ffd425dcad154bf96976,6361.38,10027249,Unknown,?
2025-04-08 12:25:04,0x2c250125e335cce027e8e4bf9b5a2b2aec0bdd5159e5225b71aeef37d9b6c8ee,0x28c6c06298d514db089934071355e5743bf21d60,0xdbf5e9c5206d0db70a90108bf936da60221dc080,4958.00,7815147,Unknown,?
2025-04-08 12:25:04,0x41e1a87c1c11922ae15b468bd2fc0f66f86e0b19a951e4e09f0621e38f5a1a8e,0x28c6c06298d514db089934071355e5743bf21d60,0x4976a4a02f38326660d17bf34b431dc6e2eb2327,4604.40,7257783,Unknown,?
2025-04-08 12:25:04,0x11b483e02b4e3fdffdbd1d667dcc37f8654d3b044524fa82c31469a8763007e5,0xeae7380dd4cef6fbd1144f49e4d1e6964258a4f4,0x28c6c06298d514db089934071355e5743bf21d60,3653.99,5759682,Unknown,?
2025-04-08 12:25:04,0x453062d8f3fc3a2f71d8184c00b6e77ea5609c626255d700b74d0217f1dfe8f2,0xeae7380dd4cef6fbd1144f49e4d1e6964258a4f4,0x28c6c06298d514db089934071355e5743bf21d60,898.00,1415488,Unknown,?
2025-04-08 12:25:04,0x4d541934b9b500274f09a257ce8eac88cf3ae9524313cd27f34b2adb8b68b5d4,0x28c6c06298d514db089934071355e5743bf21d60,0x21a31ee1afc51d94c2efccaa2092ad1028285549,4421.72,6969822,Unknown,?
2025-04-08 12:25:04,0x19c5790ed0e23e6da2095e7a24b4ca5381891f756a6eee38259ef6a90fefcc66,0x28c6c06298d514db089934071355e5743bf21d60,0xde67334e18e82901dc8dbe7864f9d6a120fc37d1,1797.80,2833824,Unknown,?
2025-04-08 12:25:04,0x75809e8da69b0ed820ce17ac3a9dc5672eb6b21a7bbc74a9254300fa802ed11c,0xa9c61fe59b5702b1d382fd1d5e495887ff34c21d,0x28c6c06298d514db089934071355e5743bf21d60,2135.33,3365852,Unknown,?
2025-04-08 12:25:05,0x6de5c0de5054acc43010a252baf7b4afd9e49e5dc9b01cc13333029a15e8cb5a,0xeae7380dd4cef6fbd1144f49e4d1e6964258a4f4,0x28c6c06298d514db089934071355e5743bf21d60,6426.00,10129108,Unknown,?
2025-04-08 12:25:05,0x9eacca5aa6e263f4c0dc4a1c2c0c295962d06c119778c6459959c598f0e52d73,0x28c6c06298d514db089934071355e5743bf21d60,0x4976a4a02f38326660d17bf34b431dc6e2eb2327,5034.04,7935013,Unknown,?
2025-04-08 12:25:05,0xb0450ba7682bd4ac055176099fd58eb08c042fc1be7bcda744546b1e318845a7,0x28c6c06298d514db089934071355e5743bf21d60,0x56eddb7aa87536c09ccc2793473599fd21a8b17f,4342.39,6844775,Unknown,?
2025-04-08 12:25:05,0xe994c419acc2d1c7cbd6cd2a4fa2dcff00ba2e7676756722869a07cc34f49460,0xfe9cb5423f54c8d69917c5beeb8c00503b4a1a91,0x28c6c06298d514db089934071355e5743bf21d60,2034.32,3206634,Unknown,?
2025-04-08 12:25:05,0xe02e6c9e1433b4a1e5344be40e8e239211ce6314ba4de2872a89e6a773b3f0a9,0x28c6c06298d514db089934071355e5743bf21d60,0xd1f6a06e614eb10b880584684fe132caa6d4d95b,1500.00,2364403,Unknown,?
2025-04-08 12:25:05,0x38adbe49428e5fa0901758bbdd383098759a9ffc6851a7a39492bba3642a74bb,0x28c6c06298d514db089934071355e5743bf21d60,0x4976a4a02f38326660d17bf34b431dc6e2eb2327,5719.79,9015926,Unknown,?
2025-04-08 12:25:05,0x0593e5c9e756ed0b2a65ff96b88d117db6f8b8b4fd6167b1610cf96bc7ecb1d3,0x8026f936c4f73f6fb05e3911b0f9cb5b74b69566,0x28c6c06298d514db089934071355e5743bf21d60,541.35,853313,Unknown,?
2025-04-08 12:25:05,0x88751d59da16d6563ea88aa56695c55d2e8cd26623b697c274b176ee9d1e9e1e,0xeae7380dd4cef6fbd1144f49e4d1e6964258a4f4,0x28c6c06298d514db089934071355e5743bf21d60,1457.00,2296620,Unknown,?
2025-04-08 12:25:05,0xc5b4c6479a58c44dde37301ec21c3363d320afe8548a84e38d29073dc679f0b9,0x28c6c06298d514db089934071355e5743bf21d60,0x21a31ee1afc51d94c2efccaa2092ad1028285549,4179.72,6588374,Unknown,?
2025-04-08 12:25:06,0xf224fbf47ab20667ef597f1370774ce824c85cb56fcc7c83ae6e76b011838d11,0xeae7380dd4cef6fbd1144f49e4d1e6964258a4f4,0x28c6c06298d514db089934071355e5743bf21d60,1990.00,3136771,Unknown,?
2025-04-08 12:25:06,0x68213ee8e4d95d4dfe23afb13e9a33048074c4515e9ed2fbe127bb40d372378e,0x28c6c06298d514db089934071355e5743bf21d60,0xdfd5293d8e347dfe59e90efd55b2956a1343963d,5162.29,8137167,Unknown,?
2025-04-08 12:25:06,0xca7f74f1be6e3d0c7d982a7c51373bb6cd223539ecf1a304f89e89ffc2aefe12,0x28c6c06298d514db089934071355e5743bf21d60,0x9d3084d0fdabce20f1bd3271d86b0e4f630c64c7,575.00,906353,Unknown,?
2025-04-08 12:25:06,0xbcbd213f4c68a35c0883006cb39113c915c7e6958681cc1c9d0ceeb9e32e1df9,0x28c6c06298d514db089934071355e5743bf21d60,0x9696f59e4d72e237be84ffd425dcad154bf96976,4184.70,6596217,Unknown,?
2025-04-08 12:25:06,0x4bebfac0dea48dd20925798ccfc291a94fb5a56a59c543424828eda0dbca9cb0,0xab2cff1b52e22a7ab8a98d86710aa4a49c14715e,0x28c6c06298d514db089934071355e5743bf21d60,4950.25,7802928,Unknown,?
2025-04-08 12:25:06,0xb89bddcf75d6cf634c1ff7bde970b3850678cc0ee044b41932700c3bf0e38f22,0x28c6c06298d514db089934071355e5743bf21d60,0x32d4703e5834f1b474b17dfdb0ac32cc22575145,535.00,843304,Unknown,?
2025-04-08 12:25:06,0x0a9fde43719719d4d15169506393a36927b83d03fdafbac952974c998be90bd8,0xed89da9dd83a0d703991ee833969489278b260e7,0x28c6c06298d514db089934071355e5743bf21d60,563.76,888635,Unknown,?
2025-04-08 12:25:06,0x9c4b950166564c11969cbe76a0c6329d8f61b0c90a3aedc8ac059bb2a784bee7,0x05cfc8d3ca36bc774963c3999efd8a1e38f5b40b,0x28c6c06298d514db089934071355e5743bf21d60,1639.33,2584033,Unknown,?
2025-04-08 12:25:07,0x67d055c7c1ef2672810d7df8878c3d5c50abccc4c6ac9631a9607ace9ccd3759,0x28c6c06298d514db089934071355e5743bf21d60,0x92906bcda08de8edfab009eb90e47c426d61205b,508.43,801422,Unknown,?
2025-04-08 12:25:07,0xe6637bd9d76d26c17bc43236090ed2873c30a8ea9ebbe75e779901ddbc76cb10,0xeae7380dd4cef6fbd1144f49e4d1e6964258a4f4,0x28c6c06298d514db089934071355e5743bf21d60,996.00,1569961,Unknown,?
2025-04-08 12:25:07,0x065b13ed5fc95203285fd43a39bd6298658bb3b4a24a03f0b066a7dfffe63c39,0x28c6c06298d514db089934071355e5743bf21d60,0x56eddb7aa87536c09ccc2793473599fd21a8b17f,4329.83,6824983,Unknown,?
2025-04-08 12:25:07,0xa0fed001a2b8c3da71898622931a3a9ffdb1e6348f810d59628150d7638cfb1e,0x28c6c06298d514db089934071355e5743bf21d60,0x21a31ee1afc51d94c2efccaa2092ad1028285549,4532.73,7144809,Unknown,?
2025-04-08 12:25:10,0x866e3a22864e607bb275da340fccf0534522d4780bd13dff112e191c986b1e00,0x9a21cf1552630a00eed185f3aaf7af3751226e42,0x28c6c06298d514db089934071355e5743bf21d60,5000.00,7881356,Unknown,?
2025-04-08 12:25:10,0x6f82e12725e9e45ce25a65c4acfe9b628a7254dad250e4d7a2f00fb28966ee68,0x28c6c06298d514db089934071355e5743bf21d60,0x9696f59e4d72e237be84ffd425dcad154bf96976,6686.02,10538978,Unknown,?
2025-04-08 12:25:10,0x94b9b3d7c6d56772c5f118159d7c623572f94cf0d0c792f338c0f8282b5a45d4,0xeae7380dd4cef6fbd1144f49e4d1e6964258a4f4,0x28c6c06298d514db089934071355e5743bf21d60,3090.99,4872241,Unknown,?
2025-04-08 12:25:10,0x85d6e5df69e8ea109b14bb9a0dcbfd4c58ce881a5a1983c7186fd28ce46aa960,0x34e479b3dbd9f1b05cf9fff3e7bcee2630e403ad,0x28c6c06298d514db089934071355e5743bf21d60,3050.00,4807623,Unknown,?
2025-04-08 12:25:10,0x456622a93c8cc99ff2c29d4558f6c692963bf5fe883e9b82b77b3bc947fcba27,0xa9c61fe59b5702b1d382fd1d5e495887ff34c21d,0x28c6c06298d514db089934071355e5743bf21d60,2022.01,3187235,Unknown,?
2025-04-08 12:25:11,0xb58ebf044f81ff88e28a3195c291aeae99f481e903f55550d8817efd4ca5330d,0xeae7380dd4cef6fbd1144f49e4d1e6964258a4f4,0x28c6c06298d514db089934071355e5743bf21d60,994.00,1566808,Unknown,?
2025-04-08 12:25:11,0xc7c50dc880f9d241fa7f52267cb83862d543d0ce581895f53316ff93708a151f,0xfcc9f2424ef3f7a83ae1f78f1fadde1b8cf09f5a,0x28c6c06298d514db089934071355e5743bf21d60,500.04,788201,Unknown,?
2025-04-08 12:25:11,0x2035ecef6fd6977fa54326cdcc536b8dc6116e28be609b2ca31eaa73c974a164,0xeae7380dd4cef6fbd1144f49e4d1e6964258a4f4,0x28c6c06298d514db089934071355e5743bf21d60,630.00,993049,Unknown,?
2025-04-08 12:25:11,0x2a524114500b2685f723413df07ee53dba5f37bf9b3b58477090b03fed62c806,0xfa0c617600567a0bb769782fdd309a88b709be21,0x28c6c06298d514db089934071355e5743bf21d60,526.00,829118,Unknown,?
2025-04-08 12:25:11,0xb7741c14dd89b7f7970866c2a64ab041956bf86a7ca4ee19b4a024d9ce52fb93,0xeae7380dd4cef6fbd1144f49e4d1e6964258a4f4,0x28c6c06298d514db089934071355e5743bf21d60,4595.99,7244521,Unknown,?
2025-04-08 12:25:11,0x55537b964751a3a6dcc22c4156d1a9f388bdaddf741d02b9365f0b0b7033589c,0x28c6c06298d514db089934071355e5743bf21d60,0xdbf5e9c5206d0db70a90108bf936da60221dc080,2000.00,3152540,Unknown,?
2025-04-08 12:25:11,0x53e4defd9935d93a4c821508094a9cbffa8d3a08ca1304b2f31e1e7cff7be7d6,0x28c6c06298d514db089934071355e5743bf21d60,0xdfd5293d8e347dfe59e90efd55b2956a1343963d,4698.44,7406011,Unknown,?
2025-04-08 12:25:11,0x7a47e6286a523afdf50d5036826facebf225428260431ac6b4e092270cb5a2fd,0x6853459371f8494609ce18a4a55ed46b680abf18,0x28c6c06298d514db089934071355e5743bf21d60,799.50,1260228,Unknown,?
2025-04-08 12:25:11,0x81b4d075ea8f7d7670040fc290a7d41b688172ed60c8a7f408e0246a6304dc35,0x34e479b3dbd9f1b05cf9fff3e7bcee2630e403ad,0x28c6c06298d514db089934071355e5743bf21d60,1936.20,3051972,Unknown,?
2025-04-08 12:25:11,0x91ea9bb707790f86a1220b65ab63bca983ad3a9d84c7e822ce6a746f3ec0cb1a,0x28c6c06298d514db089934071355e5743bf21d60,0x56eddb7aa87536c09ccc2793473599fd21a8b17f,7503.38,11827352,Unknown,?
2025-04-08 12:25:12,0x1c15807098783b35f2af437f12ebd0611db322b560aa2e140a62e482d564e0b4,0x28c6c06298d514db089934071355e5743bf21d60,0x51c72848c68a965f66fa7a88855f9f7784502a7f,607.00,956796,Unknown,?
2025-04-08 12:25:12,0xc7d33a607bd6d5958d708c9545016e4e0f627d6e8adc59166aff9711c1c014e5,0x28c6c06298d514db089934071355e5743bf21d60,0x091d1c972cb1648537a2ba78eaba371b1ce18336,710.00,1119149,Unknown,?
2025-04-08 12:25:12,0x50a9521ccc8b6c74a5d84d091bd9b422f200c23422b104c9c4aed6df2a1a91cf,0x28c6c06298d514db089934071355e5743bf21d60,0x4976a4a02f38326660d17bf34b431dc6e2eb2327,5068.90,7989953,Unknown,?
2025-04-08 12:25:12,0x969cdd9d3d88ee578c258ba42c69fb8a42564c05b90cdb9b8ac43a9502b97e68,0x1833b0fdf360667d6ef9a3b918ab24eaa5c25393,0x28c6c06298d514db089934071355e5743bf21d60,637.45,1004801,Unknown,?
2025-04-08 12:25:12,0x7109b1bd9dfca67bec54892c22db17e8e022d21e1904db6ff70e9772bf0e22f8,0x28c6c06298d514db089934071355e5743bf21d60,0xdfd5293d8e347dfe59e90efd55b2956a1343963d,5522.29,8704621,Unknown,?
2025-04-08 12:25:12,0x2f4890392c3b8bc7405a3b7a4abbf110943706548176d3d09c4aecdb397a8faa,0x1a847b0d11120b8510edcd3c81c4e4249460330a,0x28c6c06298d514db089934071355e5743bf21d60,2514.10,3962896,Unknown,?
2025-04-08 12:25:12,0x9843747312b044981bdd2c21f480dbc5796d012b1be8dd4186f42b4f221e43e2,0xeae7380dd4cef6fbd1144f49e4d1e6964258a4f4,0x28c6c06298d514db089934071355e5743bf21d60,4344.00,6847314,Unknown,?
2025-04-08 12:25:12,0x09c41773f38d7d46fa8974ed127caff7ed8407e7e58602b89d0fab444eeff188,0xf53b90605e3e48d5f015a4451118d93565dc23e1,0x28c6c06298d514db089934071355e5743bf21d60,693.92,1093801,Unknown,?
2025-04-08 12:25:13,0x3b344dd8210097a66df9091ac01d37a713e827b7901389df233d5c4da0c53b7e,0xeae7380dd4cef6fbd1144f49e4d1e6964258a4f4,0x28c6c06298d514db089934071355e5743bf21d60,997.99,1573108,Unknown,?
2025-04-08 12:25:13,0xe9c3778eda33c2034813dac9973cdf173543934e375921c5d4d6b1df66ae0c48,0x1bf7a9e3a364e7f5761345837f222cd93e230c4f,0x28c6c06298d514db089934071355e5743bf21d60,2209.21,3482318,Unknown,?
2025-04-08 12:25:20,0x8d53f1e1881564f59b3c4f86dd86d08760cd49ae5ec432e2c6a3fe4cdb8bb4a8,0x564286362092d8e7936f0549571a803b203aaced,0x28c6c06298d514db089934071355e5743bf21d60,31205.36,49188079,Unknown,?
2025-04-08 12:25:26,0x9442b6c081f3f1b68d8512327de77569de0d1bef0826cd14af0794f828ff57d7,0x3f5ce5fbfe3e9af3971dd833d26ba9b5c936f0be,0x28c6c06298d514db089934071355e5743bf21d60,3078.91,4853192,Outflow,Binance_1
2025-04-08 12:25:27,0xcbc777f901043e4699fb745fb53739b80ed1fe15a2d2f607f7d078b1ff03bb00,0x3f5ce5fbfe3e9af3971dd833d26ba9b5c936f0be,0x28c6c06298d514db089934071355e5743bf21d60,1171.78,1847044,Outflow,Binance_1
2025-04-08 12:25:27,0x73e769da87763f82ca978ada846b9082db6f6da93996a901568932aac6500e04,0x3f5ce5fbfe3e9af3971dd833d26ba9b5c936f0be,0x28c6c06298d514db089934071355e5743bf21d60,34564.87,54483566,Outflow,Binance_1
2025-04-08 12:25:27,0x162172b455b10b2c1d2ce7abb1875bf0b59566af913d57b57653234312fea9ec,0xbdbf7f7135218fc78bea7e0ebbd6769a31af2976,0x3f5ce5fbfe3e9af3971dd833d26ba9b5c936f0be,670.67,1057156,Inflow,Binance_1
2025-04-08 12:25:27,0xce9d99c8059446dc0450fb5f9679d4061477b333a1985f39e227629c5dd96616,0xbdbf7f7135218fc78bea7e0ebbd6769a31af2976,0x3f5ce5fbfe3e9af3971dd833d26ba9b5c936f0be,670.67,1057156,Inflow,Binance_1
2025-04-08 12:25:27,0x025d0684eafa307f2eb9f3e8bb3cd22795e0fcc1b208d759c722aa01ac926660,0xbdbf7f7135218fc78bea7e0ebbd6769a31af2976,0x3f5ce5fbfe3e9af3971dd833d26ba9b5c936f0be,670.67,1057156,Inflow,Binance_1
2025-04-08 12:25:27,0x3b6bc1e1583bb5d109abe7d5f9883be267f89f35f06f222e27ef0ed329c0b7f7,0xbdbf7f7135218fc78bea7e0ebbd6769a31af2976,0x3f5ce5fbfe3e9af3971dd833d26ba9b5c936f0be,670.65,1057119,Inflow,Binance_1
2025-04-08 12:25:27,0x92d02ca2d245638794c7fd7a626c748752d060e6ecd8cbab1d3251b2b90b00f1,0xbdbf7f7135218fc78bea7e0ebbd6769a31af2976,0x3f5ce5fbfe3e9af3971dd833d26ba9b5c936f0be,670.65,1057119,Inflow,Binance_1
2025-04-08 12:25:28,0x1912b878da2b1eca93e767ea8178faa4a322e8bb2cd68ccced7b9805269b5642,0xbdbf7f7135218fc78bea7e0ebbd6769a31af2976,0x3f5ce5fbfe3e9af3971dd833d26ba9b5c936f0be,670.65,1057119,Inflow,Binance_1
2025-04-08 12:25:28,0x65eeba6575f0c42c42536a48c03f36da0c7f14d1b00e76e4d9ee544ea8bc2bc3,0xbdbf7f7135218fc78bea7e0ebbd6769a31af2976,0x3f5ce5fbfe3e9af3971dd833d26ba9b5c936f0be,670.62,1057077,Inflow,Binance_1
2025-04-08 12:25:28,0x7b9ba87988164c221ff9e0c769e756f4bf140a5df70685228e200949a26aead4,0xbdbf7f7135218fc78bea7e0ebbd6769a31af2976,0x3f5ce5fbfe3e9af3971dd833d26ba9b5c936f0be,670.62,1057077,Inflow,Binance_1
2025-04-08 12:25:28,0x042d95bb21fddccb5b09c9a6c01f0b401365795e939ff1dfce6786d9b1bfdea6,0xbdbf7f7135218fc78bea7e0ebbd6769a31af2976,0x3f5ce5fbfe3e9af3971dd833d26ba9b5c936f0be,670.62,1057077,Inflow,Binance_1
2025-04-08 12:25:28,0x67713dbf72f41b984e985f83964327398b2c0785709ac31e8ce1d60e3ffc130b,0xbdbf7f7135218fc78bea7e0ebbd6769a31af2976,0x3f5ce5fbfe3e9af3971dd833d26ba9b5c936f0be,670.67,1057156,Inflow,Binance_1
2025-04-08 12:25:28,0xbdba239c5ff7a4b2cea0f98b24d0b61534228797cb16b3a1dfd08e0f92db0a47,0xbdbf7f7135218fc78bea7e0ebbd6769a31af2976,0x3f5ce5fbfe3e9af3971dd833d26ba9b5c936f0be,670.62,1057077,Inflow,Binance_1
2025-04-08 12:25:29,0x4994be6680916379fa24f26d0cfb39d8cd5ca8c53e7f33504f4f0808ca210fb1,0xbdbf7f7135218fc78bea7e0ebbd6769a31af2976,0x3f5ce5fbfe3e9af3971dd833d26ba9b5c936f0be,670.59,1057034,Inflow,Binance_1
2025-04-08 12:25:29,0xfca1a3e636113431066ccbe6d0443f0b22b1889195207bd56080efc5ddd6bb1d,0xbdbf7f7135218fc78bea7e0ebbd6769a31af2976,0x3f5ce5fbfe3e9af3971dd833d26ba9b5c936f0be,580.58,915150,Inflow,Binance_1
2025-04-08 12:25:29,0x448971ff9ad713b593c42b58512b56d95243609c8e4efbbb84f3d063c4f9d5c9,0x3f5ce5fbfe3e9af3971dd833d26ba9b5c936f0be,0x28c6c06298d514db089934071355e5743bf21d60,893.91,1409044,Outflow,Binance_1
2025-04-08 12:25:29,0x4f454603aee2ac65d04de74ee374144a322202c867cea9d307a5b1f7089d2593,0x3f5ce5fbfe3e9af3971dd833d26ba9b5c936f0be,0x28c6c06298d514db089934071355e5743bf21d60,7471.73,11777457,Outflow,Binance_1
2025-04-08 12:25:29,0xfaae0dcd601d36c1c9e52450ebf464eac7191b130a438ed64c0cd699561667b2,0x3f5ce5fbfe3e9af3971dd833d26ba9b5c936f0be,0x28c6c06298d514db089934071355e5743bf21d60,306714.85,483465418,Outflow,Binance_1
2025-04-08 12:25:29,0x43180cb177c0eba8897e78fa97307b55665cfd7cd667851d982b17ff8c20cc0f,0x6ef291b91fb18b12d3016a1d2a813b1017c5ae47,0x3f5ce5fbfe3e9af3971dd833d26ba9b5c936f0be,641.86,1011752,Inflow,Binance_1
2025-04-08 12:25:29,0x948d15ab3ba719467e718ae35a111fa4922735b8c7257b08b23485bc535800bb,0x6ef291b91fb18b12d3016a1d2a813b1017c5ae47,0x3f5ce5fbfe3e9af3971dd833d26ba9b5c936f0be,641.86,1011752,Inflow,Binance_1
2025-04-08 12:25:29,0xdc59b0b13cb410fd3d5d9a2c6c88002ba6f94a927ec949c15fd30aef0e160609,0x6ef291b91fb18b12d3016a1d2a813b1017c5ae47,0x3f5ce5fbfe3e9af3971dd833d26ba9b5c936f0be,641.83,1011691,Inflow,Binance_1
2025-04-08 12:25:30,0x5d5b0c607fbe53ed9bb20ee070d5e9c7462951b8a29f8b78ff6cf799d5938996,0x6ef291b91fb18b12d3016a1d2a813b1017c5ae47,0x3f5ce5fbfe3e9af3971dd833d26ba9b5c936f0be,641.80,1011657,Inflow,Binance_1
2025-04-08 12:25:30,0xfba6f74833135d37a2ac1258bd5a5a109fd1484db71bf789014b878d8cc88261,0x6ef291b91fb18b12d3016a1d2a813b1017c5ae47,0x3f5ce5fbfe3e9af3971dd833d26ba9b5c936f0be,641.80,1011651,Inflow,Binance_1
2025-04-08 12:25:30,0x22163d7999e65efdb4736561a9e2a8911328d34c3610db1183d37ef3c22d7dcf,0x6ef291b91fb18b12d3016a1d2a813b1017c5ae47,0x3f5ce5fbfe3e9af3971dd833d26ba9b5c936f0be,641.81,1011664,Inflow,Binance_1
2025-04-08 12:25:30,0x2ba4502ca7c350fed2313e0a7fe256213ca16a372b1a7a883af7bb236038500a,0x6ef291b91fb18b12d3016a1d2a813b1017c5ae47,0x3f5ce5fbfe3e9af3971dd833d26ba9b5c936f0be,641.80,1011645,Inflow,Binance_1
2025-04-08 12:25:30,0x6dcaea9fec430a5ed8184618eb29e02f7bf4bfdca8b63a9ed5fbbbaa98696325,0x6ef291b91fb18b12d3016a1d2a813b1017c5ae47,0x3f5ce5fbfe3e9af3971dd833d26ba9b5c936f0be,641.81,1011661,Inflow,Binance_1
2025-04-08 12:25:30,0xc773c767ff7f3c975c44d7e2a2b136e4630bea8addfe7f7ac9e61265567941a3,0x6ef291b91fb18b12d3016a1d2a813b1017c5ae47,0x3f5ce5fbfe3e9af3971dd833d26ba9b5c936f0be,641.80,1011649,Inflow,Binance_1
2025-04-08 12:25:30,0x80cc602793e2f46755d131fe74c6fe235bbe78b4abc3db1e8659cdf5a42b602f,0x6ef291b91fb18b12d3016a1d2a813b1017c5ae47,0x3f5ce5fbfe3e9af3971dd833d26ba9b5c936f0be,641.80,1011649,Inflow,Binance_1
2025-04-08 12:25:30,0xde3d045462cdbf603e8778349a1b429c52e234acba66b3eabad78f9d9c4fb6b4,0x6ef291b91fb18b12d3016a1d2a813b1017c5ae47,0x3f5ce5fbfe3e9af3971dd833d26ba9b5c936f0be,641.80,1011650,Inflow,Binance_1
2025-04-08 12:25:34,0x3b89897aca3aa9a2d08e9a89b0d6aa0c213c2b29a59ffc71020da29de7739a1b,0x6ef291b91fb18b12d3016a1d2a813b1017c5ae47,0x3f5ce5fbfe3e9af3971dd833d26ba9b5c936f0be,641.80,1011650,Inflow,Binance_1
2025-04-08 12:25:34,0x273d493f9c938bc1b708747022b7ecf34d2875d033606353d4d78e83fac36bd8,0x6ef291b91fb18b12d3016a1d2a813b1017c5ae47,0x3f5ce5fbfe3e9af3971dd833d26ba9b5c936f0be,641.80,1011656,Inflow,Binance_1
2025-04-08 12:25:34,0x98e84cefc7afffbb5e7deba1bff99016fb96b4ad6d1e216b7f563734bc6d8bd8,0x6ef291b91fb18b12d3016a1d2a813b1017c5ae47,0x3f5ce5fbfe3e9af3971dd833d26ba9b5c936f0be,641.80,1011652,Inflow,Binance_1
2025-04-08 12:25:34,0xc0f3d4025d82540b3806a5edd9192455b865f8def51c695a3b9fb0a02a368207,0x6ef291b91fb18b12d3016a1d2a813b1017c5ae47,0x3f5ce5fbfe3e9af3971dd833d26ba9b5c936f0be,641.81,1011667,Inflow,Binance_1
2025-04-08 12:25:34,0xe6b8e359f918600faeefa71785fc04623782f9469ae9a5842b45d5c986376230,0x6ef291b91fb18b12d3016a1d2a813b1017c5ae47,0x3f5ce5fbfe3e9af3971dd833d26ba9b5c936f0be,641.90,1011815,Inflow,Binance_1
2025-04-08 12:25:34,0x34794cd892d705fd121850148548bcf927f4f8a49fc2ead68eaad0c28f626806,0x6ef291b91fb18b12d3016a1d2a813b1017c5ae47,0x3f5ce5fbfe3e9af3971dd833d26ba9b5c936f0be,641.88,1011772,Inflow,Binance_1
2025-04-08 12:25:34,0xec5454e25c68bf4a0169c940c5eaa9aea3c8f6c378e2e2aacaee49fb954ad399,0x6ef291b91fb18b12d3016a1d2a813b1017c5ae47,0x3f5ce5fbfe3e9af3971dd833d26ba9b5c936f0be,641.85,1011729,Inflow,Binance_1
2025-04-08 12:25:35,0x1ed9304cb814fd3c8cfad86a1082d86eeeb4a0977569e36d4f64beefa25f8050,0x6ef291b91fb18b12d3016a1d2a813b1017c5ae47,0x3f5ce5fbfe3e9af3971dd833d26ba9b5c936f0be,641.85,1011729,Inflow,Binance_1
2025-04-08 12:25:35,0xba366937a918ceebd33a92f1b3c1e799add4835dad89680c5323a27527e464bd,0x6ef291b91fb18b12d3016a1d2a813b1017c5ae47,0x3f5ce5fbfe3e9af3971dd833d26ba9b5c936f0be,641.88,1011772,Inflow,Binance_1
2025-04-08 12:25:35,0x451f25be203e08c5c912b70b4205bc0116033ddc230fda0e6c96274286e0adf0,0x6ef291b91fb18b12d3016a1d2a813b1017c5ae47,0x3f5ce5fbfe3e9af3971dd833d26ba9b5c936f0be,641.87,1011766,Inflow,Binance_1
2025-04-08 12:25:35,0x979e100ef27fd5e5cff6658996cf059b57d75997fc514da636f1904d03fae463,0x6ef291b91fb18b12d3016a1d2a813b1017c5ae47,0x3f5ce5fbfe3e9af3971dd833d26ba9b5c936f0be,641.87,1011766,Inflow,Binance_1
2025-04-08 12:25:35,0x41d65352b0d993fc0c618eed13647236862e5e34a4318943876ed91b067279ba,0x6ef291b91fb18b12d3016a1d2a813b1017c5ae47,0x3f5ce5fbfe3e9af3971dd833d26ba9b5c936f0be,641.87,1011766,Inflow,Binance_1
2025-04-08 12:25:35,0x0dc5cd688b570464185885e223ccda200dcd710d5f58a20d195292ad82e94100,0x6ef291b91fb18b12d3016a1d2a813b1017c5ae47,0x3f5ce5fbfe3e9af3971dd833d26ba9b5c936f0be,641.86,1011749,Inflow,Binance_1
2025-04-08 12:25:35,0xeaf86ad7c5cf5666c3b1d3f39bc0caf64a505895f5da1059f41af35f496c844f,0x6ef291b91fb18b12d3016a1d2a813b1017c5ae47,0x3f5ce5fbfe3e9af3971dd833d26ba9b5c936f0be,641.86,1011749,Inflow,Binance_1
2025-04-08 12:25:35,0xc4b47e27fc59107a0e49364119e72fa7131bc0a1b8dc8db1cbb9805148048a19,0x6ef291b91fb18b12d3016a1d2a813b1017c5ae47,0x3f5ce5fbfe3e9af3971dd833d26ba9b5c936f0be,641.93,1011853,Inflow,Binance_1
2025-04-08 12:25:36,0x1e841a052067157c74eb302ba0050f12bd8d3fd4418aae729d321c147612cb06,0x6ef291b91fb18b12d3016a1d2a813b1017c5ae47,0x3f5ce5fbfe3e9af3971dd833d26ba9b5c936f0be,641.89,1011797,Inflow,Binance_1
2025-04-08 12:25:36,0xd164888b207a2e9ebf6eddaaef3102b5104144fd65350c77f0cba6f933dae4f6,0xb3f923eabaf178fc1bd8e13902fc5c61d3ddef5b,0x3f5ce5fbfe3e9af3971dd833d26ba9b5c936f0be,1380.90,2176675,Inflow,Binance_1
2025-04-08 12:25:43,0x4cccb9b98f882b47045f35869a83b1d4f04e5d70e2627243507185030f13d3db,0x77134cbc06cb00b66f4c7e623d5fdbf6777635ec,0x742d35cc6634c0532925a3b844bc454e4438f44e,916.86,1445213,Inflow,Bitfinex_5
2025-04-08 12:25:44,0xa7de10a21837dc2ae103c1130c4c7d516e335c6665f668ab1f8eee92246a01f3,0x77134cbc06cb00b66f4c7e623d5fdbf6777635ec,0x742d35cc6634c0532925a3b844bc454e4438f44e,609.36,960510,Inflow,Bitfinex_5
2025-04-08 12:25:44,0x4271ca0d6aa985b70325dbd3122bccc1e102bd95cfac31effab58c39a8628aa3,0x77134cbc06cb00b66f4c7e623d5fdbf6777635ec,0x742d35cc6634c0532925a3b844bc454e4438f44e,978.13,1541792,Inflow,Bitfinex_5
2025-04-08 12:25:44,0x0b056311bed10456ff21c28803ee9baa53a6cb2c07901f75f051e93f5d3a8a4a,0x77134cbc06cb00b66f4c7e623d5fdbf6777635ec,0x742d35cc6634c0532925a3b844bc454e4438f44e,512.82,808340,Inflow,Bitfinex_5
2025-04-08 12:25:44,0x55be28a137ff50a4ee573af9b3c000f59b6da43047131cdc5e986a035232e4d1,0x77134cbc06cb00b66f4c7e623d5fdbf6777635ec,0x742d35cc6634c0532925a3b844bc454e4438f44e,1013.47,1597509,Inflow,Bitfinex_5
2025-04-08 12:25:44,0x6601b2ec6792d54c888d47585c213079fbd8cda6704fd81889037aa0bdbffecb,0x77134cbc06cb00b66f4c7e623d5fdbf6777635ec,0x742d35cc6634c0532925a3b844bc454e4438f44e,505.04,796083,Inflow,Bitfinex_5
2025-04-08 12:25:44,0x0ccd8caa8cb6e45be78a9557ff56e0d9af24c8dc0f112898adca921f7301f0ab,0x77134cbc06cb00b66f4c7e623d5fdbf6777635ec,0x742d35cc6634c0532925a3b844bc454e4438f44e,522.38,823411,Inflow,Bitfinex_5
2025-04-08 12:25:45,0x6160d3bd63e7baa758a4c7ce0b4498405833e7a6bd02202f37fea7fea9ab5a1a,0x77134cbc06cb00b66f4c7e623d5fdbf6777635ec,0x742d35cc6634c0532925a3b844bc454e4438f44e,3767.50,5938597,Inflow,Bitfinex_5
2025-04-08 12:25:45,0x2a5332f2d3e5568cb1587e2d535b65860505f43a0aa46e514973fdfa22123050,0x77134cbc06cb00b66f4c7e623d5fdbf6777635ec,0x742d35cc6634c0532925a3b844bc454e4438f44e,698.75,1101425,Inflow,Bitfinex_5
2025-04-08 12:25:45,0xa37c58f4cbc24a712d02172011adecec52e730343a22ff4119cc7ade3ab5af91,0x77134cbc06cb00b66f4c7e623d5fdbf6777635ec,0x742d35cc6634c0532925a3b844bc454e4438f44e,578.61,912052,Inflow,Bitfinex_5
2025-04-08 12:25:45,0x4309198ffcac3f01a320c99011e92f9b521e79f7b0754d402d8c9d6064782e89,0x77134cbc06cb00b66f4c7e623d5fdbf6777635ec,0x742d35cc6634c0532925a3b844bc454e4438f44e,886.32,1397082,Inflow,Bitfinex_5
2025-04-08 12:25:45,0x9670a32e823e4764d167de7d2d9bf9140c9fea81a080aa3f060db25b6a7eac45,0x77134cbc06cb00b66f4c7e623d5fdbf6777635ec,0x742d35cc6634c0532925a3b844bc454e4438f44e,600.36,946324,Inflow,Bitfinex_5
2025-04-08 12:25:45,0xe373a8baed744eb125bd9c076483acd8d712d6c70ad1b626ae9e78420c748e7c,0x77134cbc06cb00b66f4c7e623d5fdbf6777635ec,0x742d35cc6634c0532925a3b844bc454e4438f44e,686.21,1081648,Inflow,Bitfinex_5
2025-04-08 12:25:45,0xc026675aa1afc30180a10619efdb9da3e78a604a54c94cf38eac589e9ed6d4b6,0x77134cbc06cb00b66f4c7e623d5fdbf6777635ec,0x742d35cc6634c0532925a3b844bc454e4438f44e,1120.66,1766457,Inflow,Bitfinex_5
2025-04-08 12:25:45,0xb1596741ce06f1a00393dcc393df4f146c739a3d57ae5b2566752827ac704b37,0x77134cbc06cb00b66f4c7e623d5fdbf6777635ec,0x742d35cc6634c0532925a3b844bc454e4438f44e,592.86,934513,Inflow,Bitfinex_5
2025-04-08 12:25:46,0x5723a965e475667b13cf1a75ea7c81d723a283c4e262212142af189c45a1b98f,0x77134cbc06cb00b66f4c7e623d5fdbf6777635ec,0x742d35cc6634c0532925a3b844bc454e4438f44e,569.73,898049,Inflow,Bitfinex_5
2025-04-08 12:25:46,0xc9094efb81ea87a0de6cd15a8916c6227bfabbfb964d98cae858803ab8bf4247,0x77134cbc06cb00b66f4c7e623d5fdbf6777635ec,0x742d35cc6634c0532925a3b844bc454e4438f44e,1003.83,1582302,Inflow,Bitfinex_5
2025-04-08 12:25:46,0xf11ebbda0ca72d177121cc4d2459f0490f6ec2e545f0664265bae70d2212fed8,0x77134cbc06cb00b66f4c7e623d5fdbf6777635ec,0x742d35cc6634c0532925a3b844bc454e4438f44e,1175.39,1852726,Inflow,Bitfinex_5
2025-04-08 12:25:46,0xba03911929022badd286f4fdf6433f85d51f5d02c9f2f632bc005fc833dc0ecf,0x77134cbc06cb00b66f4c7e623d5fdbf6777635ec,0x742d35cc6634c0532925a3b844bc454e4438f44e,533.04,840213,Inflow,Bitfinex_5
2025-04-08 12:25:46,0x42a93a72ec7708a99e72f513d37b0eb55d8c0936e3ef6ddf062e61563ac872bd,0x77134cbc06cb00b66f4c7e623d5fdbf6777635ec,0x742d35cc6634c0532925a3b844bc454e4438f44e,1223.90,1929199,Inflow,Bitfinex_5
2025-04-08 12:25:46,0x08364828685ea20065f694023b08883d4ff6961b95ab5b9699f2daee4ea51950,0x77134cbc06cb00b66f4c7e623d5fdbf6777635ec,0x742d35cc6634c0532925a3b844bc454e4438f44e,560.01,882734,Inflow,Bitfinex_5
2025-04-08 12:25:46,0xdad24bac94730a007ce8a798a32c099569f85313fd12fc9e10ae81e449c78849,0x77134cbc06cb00b66f4c7e623d5fdbf6777635ec,0x742d35cc6634c0532925a3b844bc454e4438f44e,807.82,1273336,Inflow,Bitfinex_5
2025-04-08 12:25:46,0x92c7273cbf354e6921c85f9d3e380449bd34eaf0118a08680570ee43e23132f1,0x77134cbc06cb00b66f4c7e623d5fdbf6777635ec,0x742d35cc6634c0532925a3b844bc454e4438f44e,553.82,872976,Inflow,Bitfinex_5
2025-04-08 12:25:46,0x43a47ccedca65d62f6ccc369a616c7b85306112931be36e4c00b6bf640cde681,0x77134cbc06cb00b66f4c7e623d5fdbf6777635ec,0x742d35cc6634c0532925a3b844bc454e4438f44e,879.29,1386004,Inflow,Bitfinex_5
2025-04-08 12:25:47,0x7f76e54d06ceb6e00fa0c84e21bd36e4b51e46e174c0e5ab1854e3854f21f2b3,0x77134cbc06cb00b66f4c7e623d5fdbf6777635ec,0x742d35cc6634c0532925a3b844bc454e4438f44e,779.87,1229280,Inflow,Bitfinex_5
2025-04-08 12:25:47,0xbe9391590509fcfbd3bbb0f7e6fd1a279d8423003ec9d20ddcab1f37c3a9bf7f,0x77134cbc06cb00b66f4c7e623d5fdbf6777635ec,0x742d35cc6634c0532925a3b844bc454e4438f44e,544.31,857977,Inflow,Bitfinex_5
2025-04-08 12:25:47,0xf87718ccd89b433f852f118456b06131fb445d653d5c8b9331d16a854a46e448,0x77134cbc06cb00b66f4c7e623d5fdbf6777635ec,0x742d35cc6634c0532925a3b844bc454e4438f44e,698.73,1101386,Inflow,Bitfinex_5
2025-04-08 12:25:47,0xb514d431abd5f065e12e2305cacc3e18a705ed7e1a80a2696d646cae26a89566,0x77134cbc06cb00b66f4c7e623d5fdbf6777635ec,0x742d35cc6634c0532925a3b844bc454e4438f44e,1214.58,1914513,Inflow,Bitfinex_5
2025-04-08 12:25:47,0xea1ac8e74b8fbc96423023ab063ae304d554a6e4ad0b87dbe56f7af93cdef288,0x77134cbc06cb00b66f4c7e623d5fdbf6777635ec,0x742d35cc6634c0532925a3b844bc454e4438f44e,26474.35,41730722,Inflow,Bitfinex_5
2025-04-08 12:25:47,0x607620541158b715c2cde087f72e7da1050af76a773a479a9c202ae558aeb8d4,0x77134cbc06cb00b66f4c7e623d5fdbf6777635ec,0x742d35cc6634c0532925a3b844bc454e4438f44e,120048.98,189229600,Inflow,Bitfinex_5
2025-04-08 12:25:50,0x48d53b060523f8204ceed20e10bb72c5a865e9924973237dfa371ae963ea78b1,0x77134cbc06cb00b66f4c7e623d5fdbf6777635ec,0x742d35cc6634c0532925a3b844bc454e4438f44e,679.14,1070501,Inflow,Bitfinex_5
2025-04-08 12:25:51,0x39f9da440b07c683eb77f3788c968e1e186baeaeef3fcb3a9888b45cb42ac8e6,0x77134cbc06cb00b66f4c7e623d5fdbf6777635ec,0x742d35cc6634c0532925a3b844bc454e4438f44e,1156.74,1823336,Inflow,Bitfinex_5
2025-04-08 12:25:51,0x409e27f7dc9837a5c7784865630ca43aa62c16a3a45ba2195f3ff30b5c14cb66,0x77134cbc06cb00b66f4c7e623d5fdbf6777635ec,0x742d35cc6634c0532925a3b844bc454e4438f44e,733.13,1155614,Inflow,Bitfinex_5
2025-04-08 12:25:51,0x5e41c9b3266f5395faa08adbd62eede5e57c655b26c9e0c5eb4f669d224387a5,0x77134cbc06cb00b66f4c7e623d5fdbf6777635ec,0x742d35cc6634c0532925a3b844bc454e4438f44e,786.31,1239434,Inflow,Bitfinex_5
2025-04-08 12:25:51,0x3c29ae9532a1a1b7ada60e9295a198e46ca032d398aabf4cbd2837fef259186d,0x77134cbc06cb00b66f4c7e623d5fdbf6777635ec,0x742d35cc6634c0532925a3b844bc454e4438f44e,813.19,1281802,Inflow,Bitfinex_5
2025-04-08 12:25:51,0xc1cef48538ff8d68f236c76ac89c6ee2087a7e73e92c41effac7fc74f7c2cdce,0x77134cbc06cb00b66f4c7e623d5fdbf6777635ec,0x742d35cc6634c0532925a3b844bc454e4438f44e,582.17,917662,Inflow,Bitfinex_5
2025-04-08 12:25:51,0x938e8094d912b6794b0aa39e7701ac96ffe9b35b620541b238cdfbd42edbba20,0x77134cbc06cb00b66f4c7e623d5fdbf6777635ec,0x742d35cc6634c0532925a3b844bc454e4438f44e,948.58,1495224,Inflow,Bitfinex_5
2025-04-08 12:25:51,0x016866881eda8a049621704c9b7b28025856244e92a9081142b00bb452f1308e,0x77134cbc06cb00b66f4c7e623d5fdbf6777635ec,0x742d35cc6634c0532925a3b844bc454e4438f44e,1538.11,2424472,Inflow,Bitfinex_5
2025-04-08 12:25:51,0x033e2a3982c9061a8309d3e1fb188592d68af5a62b5d566e4728e37132c9fd07,0x77134cbc06cb00b66f4c7e623d5fdbf6777635ec,0x742d35cc6634c0532925a3b844bc454e4438f44e,542.30,854810,Inflow,Bitfinex_5
2025-04-08 12:25:51,0xd71092368b8b678769ec7526cb0b04f6380f4899ba696cea49806e2c9ce02398,0x77134cbc06cb00b66f4c7e623d5fdbf6777635ec,0x742d35cc6634c0532925a3b844bc454e4438f44e,688.69,1085568,Inflow,Bitfinex_5
2025-04-08 12:25:52,0x6b62b0e680f6f56c1607a8b1e85de9b985174a8b8b183295c51fb0f5e5c27346,0x77134cbc06cb00b66f4c7e623d5fdbf6777635ec,0x742d35cc6634c0532925a3b844bc454e4438f44e,793.83,1251293,Inflow,Bitfinex_5
2025-04-08 12:25:52,0xe04fd769901aba258f199a4681d5885c7f6c7ce8e3345ddb50389733c3d851c8,0x77134cbc06cb00b66f4c7e623d5fdbf6777635ec,0x742d35cc6634c0532925a3b844bc454e4438f44e,684.63,1079157,Inflow,Bitfinex_5
2025-04-08 12:25:52,0x93aee9e9263c31023b0b88ead92b1f312ddc5387bd0def0e758357d97b289cf8,0x77134cbc06cb00b66f4c7e623d5fdbf6777635ec,0x742d35cc6634c0532925a3b844bc454e4438f44e,1053.60,1660752,Inflow,Bitfinex_5
2025-04-08 12:25:52,0xa233439002788141ce8c30f2d56748a4df95d2f87273ebdec5404a5cdc84e6a1,0x77134cbc06cb00b66f4c7e623d5fdbf6777635ec,0x742d35cc6634c0532925a3b844bc454e4438f44e,669.48,1055287,Inflow,Bitfinex_5
2025-04-08 12:25:52,0xd5e75d4de6cde7c9e7cda52c5ece5048eb22877b111932c55669a4407eccb3f2,0x77134cbc06cb00b66f4c7e623d5fdbf6777635ec,0x742d35cc6634c0532925a3b844bc454e4438f44e,852.05,1343055,Inflow,Bitfinex_5
2025-04-08 12:25:52,0x71ef547c2a62f8462a582397264ff5e4219a8fb931600e44bdfca4f531afd329,0x77134cbc06cb00b66f4c7e623d5fdbf6777635ec,0x742d35cc6634c0532925a3b844bc454e4438f44e,1671.60,2634889,Inflow,Bitfinex_5
2025-04-08 12:25:52,0xc2e7f58d1e5e6bdf8155f0b834219bc5f22bc592ba4bc63cfb41d36eb4a9baad,0x77134cbc06cb00b66f4c7e623d5fdbf6777635ec,0x742d35cc6634c0532925a3b844bc454e4438f44e,954.27,1504181,Inflow,Bitfinex_5
2025-04-08 12:25:52,0x04118183026dbf49b9de2c181550e3b7caf4be52d3e71d8739bfc341b8c95135,0x77134cbc06cb00b66f4c7e623d5fdbf6777635ec,0x742d35cc6634c0532925a3b844bc454e4438f44e,681.46,1074166,Inflow,Bitfinex_5
2025-04-08 12:25:53,0x3ebeabe6bb5833d29eef3fd25428ccf4bd67b050ae7ea70ac6005d113798f84f,0x77134cbc06cb00b66f4c7e623d5fdbf6777635ec,0x742d35cc6634c0532925a3b844bc454e4438f44e,3978.90,6271818,Inflow,Bitfinex_5
2025-04-08 12:25:53,0x65740d9f1f4a3057421f0d1d7c2ae0d29db03ac9cbe4a4348a0183382b9358f6,0x77134cbc06cb00b66f4c7e623d5fdbf6777635ec,0x742d35cc6634c0532925a3b844bc454e4438f44e,662.08,1043615,Inflow,Bitfinex_5
2025-04-08 12:25:53,0x5ddec9757585885fed2340de6b32ed95f60523c06a21b1d8725de4d519f3633b,0x77134cbc06cb00b66f4c7e623d5fdbf6777635ec,0x742d35cc6634c0532925a3b844bc454e4438f44e,656.00,1034031,Inflow,Bitfinex_5
2025-04-08 12:25:53,0xaedaec922199020aa90666cd751c1b79f3507ff84cd8936ad4526ea47f3ddc00,0x77134cbc06cb00b66f4c7e623d5fdbf6777635ec,0x742d35cc6634c0532925a3b844bc454e4438f44e,622.15,980676,Inflow,Bitfinex_5
2025-04-08 12:25:53,0x777c336467a219928fe4e2c48a6b71a0ffaec667001d6021855e35ad77ef75a0,0x77134cbc06cb00b66f4c7e623d5fdbf6777635ec,0x742d35cc6634c0532925a3b844bc454e4438f44e,15269.12,24068253,Inflow,Bitfinex_5
2025-04-09 13:12:30,9417b79a91a80d0fe645e1fe21a5c855edf0897f11887bef956c2cf99ec10450,0xb0A3A2B60E969AFD26561429Aa4c1444C57E4411,0xe2e31001b395C7a15EEd668c43770348898d8EDa,3500.00,5088160,unknown,?
2025-04-09 13:12:36,e8907a5b03ee70c926b198ab1d07aedfd4e6110d0029953abff1e1f7df685f67,0xf584F8728B874a6a5c7A8d4d387C9aae9172D621,0xEd89da9DD83A0D703991ee833969489278B260E7,544.68,791834,unknown,?
2025-04-09 13:12:37,84a30167a0a941cdd2ef5950f2bacd1a7f438fc8b6a433932cc9daf221cc565c,0xa03400E098F4421b34a3a44A1B4e571419517687,0x4fb312915B779b1339388e14b6d079741Ca83128,600.00,872256,unknown,?
2025-04-09 13:12:39,19a9b003003b0ecd1bb214bcce172f1a5a3faa4d6605cacbd8990364b2df0744,0xd007058e9b58E74C33c6bF6fbCd38BaAB813cBB6,0x3D8A5fA0F5bFBa1Cfa61245427FC5D313781431E,500.00,726880,unknown,?
2025-04-09 13:12:50,dee840a7f2e1ba44db49a45d0e3dbcdfd28266ad9452796493f4b497cf6e0fa5,0xEd89da9DD83A0D703991ee833969489278B260E7,0x28C6c06298d514Db089934071355E5743bf21d60,544.68,791834,inflow,Binance
2025-04-09 13:15:10,03a7d7010903e66b66d955768784052e22e54e1ff8cf369121ac3e33e6ce2ad0,0x267be1C1D684F78cb4F6a176C4911b741E4Ffdc0,0xe401A6A38024d8f5aB88f1B08cad476cCaCA45E8,536.00,780689,outflow,Kraken_4
2025-04-09 13:15:10,4c710dcafbcc98c96a0e3067c8bf2449eb17022f66a21b41389cdec5c27ac9e7,0x267be1C1D684F78cb4F6a176C4911b741E4Ffdc0,0xd59d7a9698efF3e68E0aF7E803d4Ed35e7ED12D2,812.00,1182686,outflow,Kraken_4
2025-04-09 13:30:09,4e69b5db131a5cdad19835574ac1e66fd3a55c4a5b61baf98cc599f515635c88,0xe401A6A38024d8f5aB88f1B08cad476cCaCA45E8,0xf89d7b9c864f589bbF53a82105107622B35EaA40,536.00,776235,unknown,?
2025-04-09 13:30:30,7c007dea334929264de77bd618333a3bc6af9c01148faf10f4d42ff592c79fb8,0xaAF5feaa9e5694B2b293e67558e2dA8EA4B1FB13,0xd01607c3C5eCABa394D8be377a08590149325722,995.00,1443357,unknown,?
2025-04-09 13:39:54,99a1e2e3fc87226eb7c83c6a151fc4b4288ad55e1d05f89988bb69a39613a754,0x28C6c06298d514Db089934071355E5743bf21d60,0xaAF5feaa9e5694B2b293e67558e2dA8EA4B1FB13,763.00,1102763,outflow,Binance
2025-04-09 13:40:15,c036997e34406322439f0e4ea65115082052537538551a22e5b7db3f4c17cece,0x9696f59E4d72E237BE84fFD425DCaD154Bf96976,0x5002a03C0a69C26936E0347a8a6d68df9bc59EB8,600.00,867041,unknown,?
2025-04-10 12:15:07,5180839ac0d73387991e9bc762ef816786e81aa4c31d85751e0719ad8f18d9cd,0xb6928299bb62226E6Ad3c2dC22E490CdB2033B68,0x273a4db9f7cb388EC216Df8C347F0529b22f4bd8,1792.00,2841933,unknown,?
2025-04-10 12:15:08,f4de67769d84fab73f0e65d8ae00aa72dd1a8550f00a92356d37b5a8869d7171,0x53Ed83C73A5eD860e4682df55c67cdce27A983Fd,0xd19D3341227967610b94e7AEBE8C971d2d48f419,1000.20,1586217,unknown,?
2025-04-10 12:15:15,637490c2ced783925d7a28f0646dc64e3321f4ea0277f32b95a1550a8d8c01d1,0xAeA6291CB48d9675B120F74E2F0b0De01dB47a00,0x183F28a5BDbD8E5C5fFA54E6b20d25F153b6379D,578.22,916999,unknown,?
2025-04-10 12:15:26,97a41229bbd3aece10bf43f13c029e752ea572b9f136b91deb08c536740897b3,0xb5d85CBf7cB3EE0D56b3bB207D5Fc4B82f43F511,0xA9D1e08C7793af67e9d92fe308d5697FB81d3E43,2509.68,3980094,unknown,?
2025-04-10 12:15:35,2ecfdfc14c991d6cf07523978eba2cf316d49db1f81982808c2ea0fb0ee99f86,0x59DfCEF2FAE1bb65cDC61642b683E4Bf57527C1E,0x01AE5877DA139959173257F470C609679D2505d8,749.90,1189266,unknown,?
2025-04-10 12:15:40,d50cbdfc3ecf2021534aedbba9165253c797a860e2a9191e7052934825ddf94e,0x01AE5877DA139959173257F470C609679D2505d8,0x28C6c06298d514Db089934071355E5743bf21d60,749.90,1189266,inflow,Binance
2025-04-10 12:15:41,c199673eaa96400a6ee3eede599e49e782676a686a7120fee93dbaad3e6a9e56,0xc1082d75e4A4f1E8dD425B1d541904e758A3a3e4,0xedC6BacdC1e29D7c5FA6f6ECA6FDD447B9C487c9,3000.00,4757700,unknown,?
2025-04-10 12:19:52,ce30569f405fad88dacfa5d9858ff6d2ab2fc9ca7ba405a7e498c599c269a4b0,0x267be1C1D684F78cb4F6a176C4911b741E4Ffdc0,0xDBF5E9c5206d0dB70a90108bf936DA60221dC080,2903.00,4601458,outflow,Kraken_4
